{"type":"Feature","properties":{"name":"中国国界与海岸轮廓","coordinateSystem":"WGS84","source":"china-province-boundaries-wgs84.geojson unary union"},"geometry":{"type":"MultiLineString","coordinates":[[[112.059984,3.8309],[112.010814,3.824442],[111.993002,3.848992],[112.029243,3.8931],[112.069213,3.866737],[112.059984,3.8309]],[[109.787939,7.526116],[109.705405,7.512463],[109.65069,7.481102],[109.568212,7.374894],[109.509582,7.321335],[109.460177,7.316444],[109.460176,7.345533],[109.532426,7.450212],[109.649458,7.56123],[109.718322,7.57714],[109.812617,7.574231],[109.901428,7.552979],[109.945114,7.524443],[109.935277,7.506061],[109.787939,7.526116]],[[111.579139,7.544676],[111.538435,7.526215],[111.534731,7.545792],[111.562492,7.607568],[111.608081,7.593937],[111.579139,7.544676]],[[111.745237,7.705322],[111.702774,7.650167],[111.665885,7.652605],[111.686784,7.713094],[111.721842,7.731441],[111.745237,7.705322]],[[110.456649,7.801325],[110.481344,7.829278],[110.507899,7.807406],[110.483816,7.784787],[110.456649,7.801325]],[[111.549533,7.809299],[111.599454,7.863329],[111.615456,7.841963],[111.58098,7.773147],[111.549533,7.809299]],[[109.932806,7.850243],[109.949405,7.890552],[110.029254,7.946086],[110.074136,7.950751],[110.079062,7.897955],[110.046464,7.847575],[109.984425,7.81393],[109.932807,7.825325],[109.932806,7.850243]],[[111.660959,7.88876],[111.634522,7.908975],[111.647433,7.934461],[111.708915,7.929015],[111.708301,7.888679],[111.660959,7.88876]],[[110.618845,8.043029],[110.637905,8.032923],[110.639134,7.990815],[110.605313,8.012794],[110.618845,8.043029]],[[112.008833,8.095003],[112.014363,8.06712],[111.990409,8.04881],[111.944944,8.052488],[111.920955,8.072686],[111.950474,8.108211],[112.008833,8.095003]],[[110.56466,8.174642],[110.596077,8.158656],[110.550479,8.095771],[110.467135,8.073605],[110.457873,8.129906],[110.56466,8.174642]],[[111.492706,8.525761],[111.458746,8.526848],[111.505058,8.552436],[111.492706,8.525761]],[[111.653554,8.675028],[111.692899,8.680872],[111.713195,8.651852],[111.661548,8.624719],[111.653554,8.675028]],[[112.231238,8.82928],[112.203487,8.83753],[112.236783,8.854707],[112.231238,8.82928]],[[112.201634,8.889555],[112.212121,8.868286],[112.175717,8.864089],[112.201634,8.889555]],[[112.229097,15.697824],[112.198876,15.715655],[112.235874,15.742772],[112.254971,15.736433],[112.229097,15.697824]],[[111.825065,16.072757],[111.823831,16.051469],[111.786807,16.030693],[111.756594,16.063457],[111.825065,16.072757]],[[111.676593,16.264185],[111.594185,16.200501],[111.602191,16.179805],[111.685816,16.213021],[111.6065,16.15853],[111.563376,16.164839],[111.573238,16.210264],[111.644629,16.257923],[111.676593,16.264185]],[[111.729489,16.199171],[111.785564,16.222187],[111.784945,16.25207],[111.711642,16.250912],[111.777544,16.275619],[111.808391,16.2636],[111.812096,16.226253],[111.77508,16.199183],[111.729489,16.199171]],[[112.042273,16.362205],[112.069949,16.351249],[112.071181,16.325403],[111.997431,16.308339],[111.969792,16.325653],[111.998043,16.352563],[112.042273,16.362205]],[[111.495459,16.453615],[111.533746,16.463479],[111.541155,16.436521],[111.490519,16.439251],[111.495459,16.453615]],[[111.568295,16.472149],[111.588013,16.492819],[111.609564,16.442314],[111.573843,16.449199],[111.568295,16.472149]],[[111.781849,16.521918],[111.762121,16.471983],[111.734401,16.454763],[111.760887,16.497229],[111.754722,16.547708],[111.781849,16.521918]],[[111.719624,16.562057],[111.685798,16.589631],[111.71224,16.595898],[111.719624,16.562057]],[[112.221645,16.760916],[112.206225,16.797554],[112.257382,16.779825],[112.249378,16.75348],[112.221645,16.760916]],[[111.554697,17.089553],[111.481223,17.059625],[111.531862,17.106657],[111.458377,17.079005],[111.447267,17.094416],[111.537418,17.121534],[111.554697,17.089553]],[[110.651537,20.136523],[110.68348,20.166264],[110.712978,20.151038],[110.740043,20.076217],[110.773911,20.070605],[110.804116,20.038014],[110.867008,20.013924],[110.936535,20.030792],[110.961711,20.020607],[111.039037,19.765257],[111.066687,19.630457],[111.056856,19.614113],[111.004066,19.605783],[110.916278,19.554649],[110.839914,19.451882],[110.782573,19.401537],[110.725316,19.380627],[110.615322,19.154226],[110.574097,18.786376],[110.495109,18.753333],[110.495114,18.653566],[110.363182,18.633559],[110.325069,18.643832],[110.242035,18.611601],[110.112515,18.508156],[110.086029,18.400836],[110.066336,18.377562],[110.0184,18.361755],[109.915791,18.377341],[109.781354,18.341391],[109.745613,18.195265],[109.722221,18.17935],[109.657661,18.177178],[109.580753,18.145389],[109.523375,18.170888],[109.462846,18.175264],[109.436925,18.200802],[109.351349,18.216734],[109.283747,18.266319],[109.134635,18.269604],[109.104437,18.325277],[108.941034,18.315944],[108.877655,18.41824],[108.772823,18.443633],[108.685446,18.44936],[108.641196,18.488616],[108.637505,18.567508],[108.66024,18.67523],[108.649176,18.742138],[108.5895,18.811318],[108.591961,18.874184],[108.634415,18.926238],[108.627033,19.004912],[108.595033,19.057546],[108.587639,19.143501],[108.605489,19.278576],[108.641158,19.351405],[108.690321,19.389152],[108.761689,19.402654],[108.802372,19.452386],[108.851718,19.471103],[108.989476,19.588914],[109.044717,19.621478],[109.089595,19.691354],[109.143199,19.706622],[109.165402,19.738232],[109.154913,19.79232],[109.227054,19.865113],[109.251684,19.869062],[109.255376,19.900602],[109.296577,19.919706],[109.345121,19.900469],[109.494263,19.875252],[109.522673,19.945729],[109.581282,19.990306],[109.653886,20.013884],[109.707982,20.019417],[109.757231,19.983371],[109.894778,19.996499],[109.96121,19.99585],[109.993144,19.98225],[110.101961,20.028772],[110.140189,20.076638],[110.238882,20.079592],[110.285043,20.058187],[110.313933,20.111017],[110.38279,20.115411],[110.522215,20.07742],[110.558003,20.112373],[110.651537,20.136523]],[[111.198518,19.927587],[111.199134,19.92815],[111.198518,19.927023],[111.198518,19.927587]],[[110.552442,20.329858],[110.582025,20.38379],[110.589416,20.363023],[110.552442,20.329858]],[[110.40985,20.712501],[110.433276,20.680048],[110.400612,20.68058],[110.40985,20.712501]],[[110.607239,20.862826],[110.558581,20.86392],[110.544392,20.911423],[110.580148,20.951718],[110.640435,20.938266],[110.642279,20.919816],[110.607239,20.862826]],[[110.50735,20.919153],[110.468437,20.985546],[110.403059,20.992705],[110.343387,20.987171],[110.305283,20.966009],[110.196914,20.940877],[110.206781,20.989511],[110.27146,21.035894],[110.301589,21.090581],[110.348299,21.08212],[110.393817,21.098825],[110.455468,21.065394],[110.513517,21.081753],[110.556105,21.063984],[110.531431,20.925368],[110.50735,20.919153]],[[109.140048,21.043589],[109.113544,21.020095],[109.08399,21.017296],[109.088295,21.059745],[109.134498,21.069829],[109.140048,21.043589]],[[110.54068,21.086291],[110.50425,21.143137],[110.485103,21.141404],[110.427082,21.183128],[110.44682,21.188742],[110.494982,21.215653],[110.520921,21.192854],[110.628129,21.213584],[110.578292,21.097514],[110.54068,21.086291]],[[109.650737,21.496175],[109.608298,21.559711],[109.600298,21.526306],[109.536797,21.468871],[109.525685,21.439873],[109.480592,21.455898],[109.241756,21.428088],[109.181972,21.393471],[109.134481,21.391157],[109.090738,21.421774],[109.04217,21.426847],[109.035413,21.460291],[109.070433,21.49198],[109.138174,21.514283],[109.134472,21.569959],[108.934121,21.592537],[108.877506,21.629848],[108.829412,21.613635],[108.797952,21.629162],[108.741878,21.605184],[108.732029,21.630789],[108.674236,21.662029],[108.655188,21.646486],[108.622604,21.682703],[108.588138,21.679936],[108.488773,21.557289],[108.39375,21.535411],[108.326084,21.542737],[108.226386,21.493822],[108.206649,21.508283],[108.246104,21.563993],[108.237476,21.602402],[108.201709,21.600142],[108.152329,21.553292],[108.189987,21.522179],[108.104211,21.510913],[108.030365,21.548307],[107.954197,21.53683],[107.925293,21.588659],[107.89019,21.59925],[107.88834,21.625408],[107.859968,21.653762],[107.834047,21.643146],[107.803799,21.658115],[107.708896,21.619129],[107.599424,21.600366],[107.580943,21.617617],[107.543317,21.589178],[107.482783,21.598473],[107.496992,21.616326],[107.473514,21.662445],[107.427224,21.64454],[107.384107,21.596662],[107.359505,21.60448],[107.352739,21.670156],[107.306649,21.736436],[107.26792,21.729815],[107.238379,21.705906],[107.195238,21.721436],[107.19092,21.739227],[107.089822,21.805817],[107.014252,21.822069],[107.014864,21.862083],[107.054769,21.889769],[107.055996,21.917543],[106.995839,21.950469],[106.970684,21.926105],[106.931997,21.936744],[106.922776,21.970631],[106.85566,21.988931],[106.798924,21.984389],[106.786592,22.007687],[106.734858,22.010992],[106.694896,21.962733],[106.679534,22.002736],[106.702882,22.024346],[106.712099,22.092588],[106.688129,22.138109],[106.702876,22.163592],[106.669697,22.185273],[106.698572,22.210166],[106.685051,22.263387],[106.66662,22.286134],[106.659861,22.333774],[106.559567,22.348771],[106.58545,22.377582],[106.557096,22.458888],[106.584829,22.476063],[106.581747,22.520296],[106.610675,22.605398],[106.646948,22.57828],[106.708389,22.578172],[106.752674,22.692468],[106.776697,22.711803],[106.764989,22.742144],[106.817388,22.771459],[106.835272,22.806242],[106.809985,22.820533],[106.771147,22.815514],[106.705916,22.869012],[106.713291,22.884437],[106.671506,22.894425],[106.653692,22.866349],[106.627882,22.884028],[106.602662,22.928685],[106.558925,22.926455],[106.522513,22.949513],[106.500899,22.913088],[106.410182,22.879827],[106.367714,22.880945],[106.362796,22.860558],[106.283508,22.870064],[106.254589,22.892686],[106.266897,22.910314],[106.20344,22.981353],[106.150376,22.991172],[106.102897,22.983407],[106.082575,22.998828],[106.016199,22.993445],[105.991033,22.940644],[105.956036,22.951759],[105.890836,22.93971],[105.876048,22.919866],[105.835955,22.990316],[105.802637,22.997413],[105.776735,23.025459],[105.738542,23.033702],[105.721312,23.065089],[105.645719,23.081725],[105.622361,23.06745],[105.571886,23.069105],[105.555852,23.180767],[105.499065,23.205369],[105.442274,23.29537],[105.412692,23.28599],[105.369625,23.320073],[105.350576,23.364599],[105.322322,23.392663],[105.257194,23.320789],[105.235044,23.266934],[105.178974,23.281701],[105.119187,23.250274],[105.090257,23.263456],[104.956462,23.191734],[104.946643,23.154907],[104.910393,23.178605],[104.880241,23.1665],[104.872236,23.126336],[104.801967,23.113013],[104.818614,23.03489],[104.85807,22.973838],[104.843896,22.929195],[104.769934,22.896565],[104.758237,22.865142],[104.730551,22.855223],[104.735472,22.828756],[104.672185,22.82002],[104.594131,22.849339],[104.525704,22.817256],[104.496686,22.777461],[104.420172,22.737564],[104.373394,22.692865],[104.321155,22.731586],[104.270749,22.741043],[104.25475,22.776361],[104.271977,22.83095],[104.259671,22.844742],[104.115396,22.811485],[104.043405,22.730996],[104.04095,22.67967],[104.007181,22.578137],[104.007183,22.520657],[103.962981,22.505306],[103.892248,22.56785],[103.873759,22.568942],[103.764575,22.691389],[103.74117,22.700769],[103.640337,22.798025],[103.565855,22.704245],[103.578801,22.670033],[103.527599,22.595933],[103.507218,22.604162],[103.434367,22.700059],[103.439299,22.755804],[103.373405,22.797708],[103.321173,22.810479],[103.319331,22.7807],[103.286765,22.734961],[103.281235,22.68143],[103.218454,22.646649],[103.193795,22.651033],[103.159259,22.592972],[103.181463,22.561519],[103.069953,22.491217],[103.079792,22.456919],[103.028802,22.444288],[102.985238,22.480921],[102.929362,22.485473],[102.891214,22.536353],[102.878893,22.589949],[102.822163,22.626319],[102.799343,22.623517],[102.687314,22.703046],[102.655977,22.69096],[102.606169,22.734073],[102.568591,22.704255],[102.550084,22.746718],[102.509326,22.777508],[102.458053,22.765779],[102.435218,22.702274],[102.382844,22.682381],[102.403164,22.632679],[102.355165,22.566425],[102.321352,22.557091],[102.254915,22.460422],[102.269076,22.422797],[102.177821,22.433237],[102.143871,22.400529],[102.129677,22.433708],[102.044691,22.46085],[101.977122,22.430616],[101.906397,22.440142],[101.900238,22.387577],[101.86139,22.392527],[101.821883,22.430085],[101.823117,22.45996],[101.77313,22.5091],[101.714001,22.480911],[101.670956,22.478218],[101.646982,22.40358],[101.670344,22.375865],[101.624228,22.285684],[101.563239,22.27238],[101.54596,22.241322],[101.595297,22.164331],[101.601457,22.134939],[101.572494,22.118288],[101.62485,22.00897],[101.605156,21.970675],[101.665438,21.937275],[101.699867,21.941656],[101.698639,21.899996],[101.733712,21.878289],[101.738639,21.84828],[101.770066,21.836059],[101.746032,21.732638],[101.766369,21.718739],[101.778704,21.643643],[101.806471,21.647022],[101.82746,21.619792],[101.803386,21.580228],[101.753429,21.587413],[101.754046,21.540647],[101.771307,21.515598],[101.739879,21.485514],[101.748505,21.411973],[101.728801,21.339522],[101.744196,21.299928],[101.790435,21.288249],[101.832408,21.255417],[101.833026,21.207442],[101.793521,21.21072],[101.763301,21.15042],[101.701733,21.14878],[101.670989,21.197387],[101.60456,21.175158],[101.587312,21.19413],[101.600247,21.235975],[101.531165,21.25485],[101.437905,21.2295],[101.386148,21.228357],[101.289023,21.181084],[101.220697,21.236893],[101.245337,21.278182],[101.243489,21.304949],[101.182461,21.337215],[101.141131,21.411829],[101.193562,21.427526],[101.19171,21.476548],[101.223771,21.501656],[101.208977,21.511664],[101.207742,21.560108],[101.145445,21.562782],[101.16765,21.592883],[101.151609,21.671878],[101.115235,21.693527],[101.110306,21.748588],[101.122011,21.774177],[101.08814,21.776389],[101.013802,21.709792],[100.869365,21.675512],[100.846552,21.63764],[100.803376,21.612518],[100.78796,21.573528],[100.752226,21.557913],[100.729455,21.521169],[100.690724,21.513424],[100.578181,21.454501],[100.525736,21.4739],[100.481879,21.461516],[100.436194,21.535485],[100.348155,21.531055],[100.297751,21.480465],[100.234352,21.469363],[100.205371,21.512221],[100.183774,21.518868],[100.167727,21.485421],[100.130087,21.506523],[100.122068,21.567766],[100.106657,21.587796],[100.168341,21.665794],[100.130699,21.702449],[100.093101,21.705207],[100.048192,21.672437],[99.990461,21.706531],[99.943158,21.823979],[99.959135,21.910075],[99.981246,21.922237],[99.99905,21.976053],[99.964661,22.017236],[99.971417,22.056068],[99.870493,22.070027],[99.86926,22.032289],[99.761918,22.070975],[99.695456,22.070466],[99.648131,22.103841],[99.577977,22.101663],[99.561946,22.116067],[99.515652,22.102646],[99.486004,22.131401],[99.353537,22.098572],[99.218872,22.113676],[99.155363,22.162373],[99.187431,22.165759],[99.17448,22.188466],[99.234885,22.253393],[99.233037,22.299372],[99.277341,22.349199],[99.25089,22.396263],[99.296394,22.414485],[99.381191,22.49621],[99.358443,22.538254],[99.38488,22.574146],[99.338778,22.71172],[99.314206,22.740462],[99.325876,22.754234],[99.384261,22.764629],[99.400258,22.829154],[99.461906,22.847428],[99.435375,22.91627],[99.44586,22.937225],[99.530456,22.899987],[99.562546,22.928709],[99.516251,23.009569],[99.527366,23.068504],[99.379333,23.102367],[99.347369,23.131572],[99.254568,23.080531],[99.186179,23.103029],[99.105428,23.089154],[99.047634,23.11727],[99.056845,23.167312],[99.001611,23.163054],[98.906426,23.188545],[98.889189,23.212188],[98.928564,23.268798],[98.936552,23.312751],[98.906424,23.334756],[98.872556,23.332542],[98.92057,23.363864],[98.911959,23.429222],[98.874402,23.486303],[98.825695,23.47305],[98.803492,23.543256],[98.844194,23.581733],[98.881793,23.59824],[98.881792,23.62292],[98.84666,23.634936],[98.835559,23.686453],[98.811506,23.706142],[98.82384,23.730278],[98.784378,23.784458],[98.695773,23.787226],[98.668741,23.803709],[98.701302,23.837058],[98.685327,23.904427],[98.700686,23.949276],[98.673039,23.963551],[98.700685,23.98429],[98.727118,23.973317],[98.773282,24.02528],[98.807184,24.02806],[98.894717,24.101991],[98.87624,24.154435],[98.841101,24.129797],[98.718507,24.130789],[98.681637,24.102977],[98.646005,24.109055],[98.593727,24.08341],[98.546874,24.131448],[98.377212,24.11694],[98.342779,24.101689],[98.219711,24.116551],[98.196886,24.101218],[98.090784,24.088511],[97.994898,24.04935],[97.983845,24.034073],[97.902057,24.017258],[97.895896,23.977328],[97.863213,23.981675],[97.810129,23.946019],[97.795317,23.95475],[97.763246,23.909842],[97.728138,23.898353],[97.717677,23.870445],[97.683852,23.879804],[97.646967,23.843736],[97.618055,23.891406],[97.528022,23.929626],[97.529256,23.946046],[97.572465,23.98607],[97.628514,24.007944],[97.637124,24.051133],[97.730597,24.116578],[97.74291,24.162468],[97.753998,24.166837],[97.728134,24.186509],[97.729364,24.230193],[97.76694,24.261307],[97.720747,24.298973],[97.664789,24.29961],[97.662329,24.342168],[97.715824,24.36171],[97.679542,24.404297],[97.669705,24.456093],[97.588488,24.438741],[97.529867,24.446275],[97.554566,24.493731],[97.570606,24.60591],[97.569371,24.711427],[97.547155,24.742373],[97.56937,24.76904],[97.651871,24.793996],[97.68015,24.830336],[97.765081,24.827003],[97.797155,24.848761],[97.785431,24.879149],[97.729354,24.911702],[97.716429,24.981165],[97.727505,25.046769],[97.719504,25.083637],[97.742896,25.081453],[97.795916,25.158972],[97.839124,25.273834],[97.875533,25.260359],[97.903889,25.219771],[97.940201,25.218114],[98.007159,25.282354],[98.006544,25.301296],[98.069221,25.314676],[98.099386,25.356854],[98.100618,25.391467],[98.136998,25.384467],[98.157362,25.460191],[98.130826,25.513108],[98.163533,25.527208],[98.189457,25.57209],[98.170321,25.623352],[98.247425,25.61103],[98.314484,25.546155],[98.326161,25.569358],[98.401806,25.596805],[98.409196,25.666984],[98.4573,25.685939],[98.476441,25.78039],[98.528945,25.844158],[98.553636,25.849065],[98.640448,25.802174],[98.677309,25.819359],[98.70557,25.858657],[98.686522,25.929266],[98.637372,25.975128],[98.614008,25.971923],[98.602316,26.058043],[98.575214,26.122038],[98.632453,26.149445],[98.655803,26.143494],[98.660719,26.091325],[98.719702,26.130482],[98.712325,26.159521],[98.735076,26.188522],[98.712939,26.234747],[98.672388,26.24341],[98.680987,26.311583],[98.733228,26.354442],[98.756609,26.495443],[98.752915,26.562925],[98.772621,26.581672],[98.781246,26.624495],[98.762148,26.664067],[98.769539,26.694018],[98.745527,26.700428],[98.76153,26.802498],[98.730143,26.854832],[98.756602,26.881515],[98.731986,27.005802],[98.762142,27.02179],[98.765221,27.054301],[98.712309,27.079362],[98.713538,27.143271],[98.695716,27.214621],[98.722757,27.224694],[98.716608,27.274702],[98.734441,27.29064],[98.740592,27.333702],[98.706158,27.365624],[98.702471,27.416105],[98.686496,27.42888],[98.704313,27.465494],[98.684653,27.487827],[98.706154,27.556787],[98.661923,27.590288],[98.650251,27.571212],[98.583203,27.574973],[98.586899,27.59089],[98.554224,27.649715],[98.535091,27.624221],[98.474556,27.637834],[98.443686,27.668512],[98.4295,27.656827],[98.428885,27.552343],[98.388228,27.518367],[98.33719,27.512067],[98.316909,27.522721],[98.310147,27.586936],[98.283092,27.658037],[98.233835,27.694097],[98.215335,27.814323],[98.169049,27.854475],[98.204847,27.893165],[98.186949,27.942855],[98.142506,27.952292],[98.132633,27.994041],[98.159785,28.104493],[98.1388,28.145632],[98.096872,28.169873],[98.08948,28.198889],[98.056255,28.205783],[98.032904,28.190539],[98.007725,28.217509],[98.020005,28.257018],[97.907539,28.366849],[97.87117,28.365251],[97.842165,28.330448],[97.800803,28.330373],[97.76934,28.37773],[97.737916,28.399835],[97.736683,28.469288],[97.685625,28.523511],[97.634598,28.53569],[97.603829,28.518897],[97.569315,28.545161],[97.521155,28.499325],[97.507561,28.46826],[97.521156,28.448311],[97.499527,28.432463],[97.484696,28.38979],[97.488404,28.350838],[97.518069,28.331439],[97.468633,28.306536],[97.460604,28.271207],[97.421728,28.300653],[97.401394,28.283255],[97.3977,28.242139],[97.349106,28.239028],[97.362016,28.202619],[97.352181,28.153041],[97.326369,28.1362],[97.339889,28.108198],[97.305476,28.074995],[97.320226,28.057538],[97.374933,28.065898],[97.378009,28.034727],[97.412488,28.016753],[97.378625,27.973421],[97.37186,27.911029],[97.386011,27.886151],[97.323916,27.884129],[97.303021,27.916966],[97.253196,27.895328],[97.16749,27.815313],[97.102742,27.783991],[97.097201,27.744266],[97.062133,27.745884],[97.048614,27.817402],[97.008094,27.811156],[96.972496,27.864722],[96.907957,27.888109],[96.849397,27.878006],[96.809902,27.893806],[96.783991,27.935025],[96.711321,27.960941],[96.690417,27.952514],[96.63509,27.998605],[96.623402,28.028213],[96.538316,28.078862],[96.499379,28.070831],[96.462909,28.146754],[96.425862,28.165156],[96.395038,28.147203],[96.398119,28.121867],[96.297832,28.143653],[96.275059,28.23178],[96.09735,28.215789],[96.073941,28.196813],[95.98849,28.201767],[95.93562,28.244082],[95.907293,28.245162],[95.89928,28.282062],[95.873989,28.301544],[95.831381,28.298842],[95.786916,28.273998],[95.739429,28.278718],[95.527525,28.186526],[95.395989,28.145631],[95.370751,28.11345],[95.351686,28.044295],[95.285289,27.943458],[95.065868,27.843859],[95.014269,27.832334],[94.885196,27.746775],[94.524147,27.599843],[94.477173,27.60554],[94.442581,27.588484],[94.276375,27.584906],[93.969615,27.308851],[93.848278,27.17218],[93.840872,27.049673],[93.816173,27.028842],[93.745851,27.019175],[93.566765,26.942026],[93.231561,26.910382],[93.110077,26.883526],[92.908552,26.918046],[92.801888,26.898702],[92.646205,26.956411],[92.108052,26.858449],[92.123469,26.963572],[92.074782,27.0446],[92.042796,27.056377],[92.025588,27.111822],[92.031117,27.171441],[92.06001,27.193733],[92.069854,27.241075],[92.090172,27.267656],[92.124698,27.276712],[92.063698,27.394727],[92.00961,27.478242],[91.945714,27.467797],[91.838456,27.493257],[91.752669,27.466065],[91.717565,27.470862],[91.662209,27.510771],[91.62592,27.512952],[91.584036,27.544278],[91.56368,27.58564],[91.581569,27.602633],[91.56121,27.631248],[91.569849,27.65459],[91.621609,27.695938],[91.641296,27.770084],[91.609295,27.823071],[91.543301,27.824071],[91.559972,27.859037],[91.617913,27.860645],[91.610524,27.895044],[91.485203,27.940841],[91.488911,27.975219],[91.463572,28.006334],[91.308379,28.061324],[91.250549,27.974194],[91.2148,27.992675],[91.161114,27.971969],[91.146302,27.931228],[91.153708,27.897916],[91.111766,27.84971],[91.024425,27.860929],[90.963647,27.903963],[90.975314,27.93937],[90.960575,27.957387],[90.895374,27.950062],[90.852207,27.972752],[90.805296,28.018652],[90.800975,28.044006],[90.739939,28.056638],[90.700556,28.079918],[90.590437,28.025125],[90.568235,28.047826],[90.512637,28.065661],[90.478012,28.048127],[90.43538,28.066519],[90.382354,28.064386],[90.295602,28.157446],[90.230298,28.148508],[90.188318,28.16534],[90.164842,28.191148],[90.122847,28.194248],[90.101254,28.145164],[90.071061,28.158899],[90.031689,28.140503],[90.01571,28.166406],[89.974541,28.192908],[89.900074,28.185639],[89.867374,28.225175],[89.787697,28.24455],[89.777204,28.200769],[89.718029,28.173865],[89.603576,28.165592],[89.539406,28.092152],[89.509118,28.089959],[89.459664,28.035413],[89.441136,27.971953],[89.373338,27.879373],[89.293401,27.851991],[89.236768,27.800148],[89.18249,27.677172],[89.129417,27.63679],[89.126333,27.614513],[89.160889,27.57797],[89.106607,27.541289],[89.093056,27.474935],[89.180646,27.377312],[89.150403,27.322512],[89.07521,27.290564],[89.065369,27.243771],[88.982461,27.212593],[88.94008,27.265364],[88.90994,27.276567],[88.918555,27.329201],[88.899471,27.331335],[88.86557,27.385521],[88.835954,27.381753],[88.806947,27.409327],[88.781034,27.470896],[88.795837,27.525063],[88.7687,27.567482],[88.811261,27.610507],[88.814347,27.64498],[88.850141,27.674733],[88.848289,27.714479],[88.868646,27.746828],[88.861243,27.815664],[88.886522,27.850627],[88.862474,27.925202],[88.844582,27.925174],[88.840877,28.009758],[88.810017,28.021855],[88.761908,28.071981],[88.673925,28.072065],[88.64319,28.114893],[88.618588,28.09539],[88.563135,28.086929],[88.552027,28.031447],[88.4958,28.044507],[88.466753,28.013249],[88.430938,28.006306],[88.398877,27.980386],[88.355176,27.989939],[88.251828,27.943033],[88.240119,27.971056],[88.201259,27.946698],[88.154333,27.961418],[88.117918,27.918532],[88.135197,27.88205],[88.109286,27.868265],[88.088331,27.888899],[88.034809,27.905378],[87.980145,27.888078],[87.928513,27.913057],[87.824296,27.931495],[87.779855,27.894396],[87.775538,27.863703],[87.725014,27.80653],[87.665977,27.813506],[87.667821,27.835736],[87.595849,27.818355],[87.578595,27.86334],[87.456938,27.824411],[87.415605,27.82911],[87.419302,27.860341],[87.361443,27.827545],[87.314742,27.830276],[87.278478,27.848858],[87.247099,27.843054],[87.225542,27.816577],[87.171276,27.82179],[87.115774,27.843937],[87.07822,27.914309],[87.032755,27.949821],[86.933327,27.959072],[86.924721,27.989745],[86.883486,27.999796],[86.862531,28.026197],[86.825524,28.016094],[86.754623,28.03661],[86.766326,28.073064],[86.746002,28.093125],[86.698029,28.105313],[86.66055,28.095878],[86.645804,28.073197],[86.609524,28.073769],[86.59906,28.10176],[86.567019,28.107022],[86.556534,28.051554],[86.535547,28.048339],[86.511458,28.000189],[86.512695,27.958431],[86.473767,27.948271],[86.44783,27.912245],[86.412671,27.907966],[86.391112,27.930179],[86.306864,27.954101],[86.271189,27.980585],[86.229919,27.977946],[86.204011,28.087817],[86.221901,28.096287],[86.189196,28.170665],[86.137959,28.118325],[86.126235,28.090326],[86.084321,28.093478],[86.080628,28.021642],[86.123154,27.926494],[86.051715,27.904306],[86.000111,27.91079],[85.947282,27.94108],[85.978002,27.988058],[85.899276,28.057406],[85.89681,28.105464],[85.869679,28.128675],[85.852398,28.176146],[85.789427,28.199247],[85.751193,28.231388],[85.718554,28.375775],[85.680423,28.379519],[85.648456,28.287401],[85.599232,28.257936],[85.600463,28.299572],[85.518395,28.330533],[85.456601,28.336152],[85.413412,28.324497],[85.377082,28.277609],[85.347565,28.30189],[85.270111,28.286208],[85.207274,28.342561],[85.177661,28.327763],[85.111042,28.348204],[85.127068,28.381392],[85.10611,28.464518],[85.15791,28.496138],[85.187529,28.548233],[85.181975,28.590781],[85.193698,28.627562],[85.123978,28.679411],[85.054421,28.677859],[84.979529,28.589858],[84.894697,28.59104],[84.855243,28.571564],[84.696237,28.637116],[84.697465,28.675431],[84.667346,28.684407],[84.648906,28.718018],[84.618155,28.735893],[84.555291,28.750027],[84.481139,28.738817],[84.442832,28.767563],[84.43172,28.827293],[84.402118,28.831463],[84.405815,28.857132],[84.338109,28.870293],[84.328271,28.862456],[84.266134,28.898682],[84.23224,28.892925],[84.226071,28.953116],[84.246417,29.033677],[84.222367,29.052486],[84.192122,29.048264],[84.190268,29.087462],[84.205086,29.121972],[84.17421,29.137068],[84.16865,29.197634],[84.195206,29.213342],[84.200762,29.2431],[84.127893,29.242976],[84.114316,29.289398],[83.999867,29.294786],[83.984511,29.328211],[83.947022,29.315792],[83.909478,29.326791],[83.849024,29.298061],[83.818143,29.297483],[83.797765,29.252582],[83.725003,29.247851],[83.66472,29.203582],[83.653652,29.17071],[83.593952,29.17756],[83.575457,29.207311],[83.546449,29.204657],[83.489589,29.2833],[83.461161,29.288959],[83.447572,29.335866],[83.420419,29.363978],[83.413019,29.423384],[83.380376,29.42495],[83.322577,29.505769],[83.273394,29.50897],[83.264163,29.574038],[83.214877,29.603161],[83.161817,29.59839],[83.156879,29.620229],[83.126034,29.626422],[83.08599,29.60768],[83.008576,29.670756],[82.964391,29.662047],[82.945967,29.707836],[82.82832,29.690646],[82.814126,29.720244],[82.771568,29.729538],[82.754931,29.764857],[82.689108,29.76907],[82.735228,29.809524],[82.701399,29.850573],[82.621498,29.83773],[82.641173,29.87196],[82.606729,29.889641],[82.55866,29.958601],[82.495655,29.950663],[82.409836,30.014768],[82.365509,30.016863],[82.331079,30.048008],[82.30895,30.038725],[82.244338,30.074532],[82.175244,30.070825],[82.180799,30.124686],[82.204872,30.146465],[82.186355,30.188346],[82.139434,30.20378],[82.111673,30.229606],[82.130175,30.307154],[82.101807,30.348968],[82.057485,30.335056],[82.019389,30.342375],[81.988691,30.32594],[81.95184,30.359092],[81.937087,30.34776],[81.869952,30.376172],[81.756415,30.388397],[81.627873,30.449966],[81.610649,30.415932],[81.563825,30.43191],[81.553338,30.372542],[81.49219,30.384254],[81.451424,30.415112],[81.415653,30.423314],[81.403949,30.406797],[81.429831,30.382042],[81.403334,30.372213],[81.397179,30.322121],[81.424901,30.308186],[81.403336,30.294738],[81.416273,30.27304],[81.394718,30.243571],[81.391026,30.202202],[81.333244,30.15261],[81.266878,30.156335],[81.290856,30.097816],[81.280408,30.064167],[81.245345,30.035694],[81.253962,30.014966],[81.129443,30.018952],[81.093717,30.055716],[81.107877,30.088348],[81.083257,30.103365],[81.079566,30.154095],[81.035949,30.207972],[81.032266,30.249865],[80.994233,30.270651],[80.931631,30.26977],[80.908883,30.305965],[80.815201,30.324454],[80.717265,30.417844],[80.690224,30.419949],[80.631244,30.461839],[80.583248,30.467018],[80.547481,30.452013],[80.503012,30.486448],[80.444331,30.498151],[80.428291,30.518745],[80.355642,30.523404],[80.319994,30.567267],[80.259723,30.569409],[80.212267,30.588961],[80.141283,30.561026],[80.041508,30.606375],[80.012025,30.66462],[79.968429,30.688932],[79.953685,30.741425],[79.959214,30.774311],[79.898923,30.802137],[79.911241,30.836038],[79.889061,30.85812],[79.833526,30.853939],[79.75639,30.939549],[79.727442,30.944174],[79.66656,30.983249],[79.65857,30.959672],[79.595817,30.928962],[79.548946,30.96072],[79.503843,31.030334],[79.424787,31.020921],[79.42232,31.063967],[79.402598,31.074203],[79.355837,31.033759],[79.314049,31.020509],[79.330026,30.971768],[79.225447,30.951858],[79.203864,31.003117],[79.179801,31.018456],[79.094698,30.994765],[79.057175,31.030684],[79.008055,31.046694],[78.972463,31.11852],[78.995781,31.161457],[78.928847,31.223537],[78.922082,31.249632],[78.882675,31.279807],[78.863561,31.315572],[78.857393,31.292048],[78.793214,31.303694],[78.75314,31.35834],[78.758069,31.39512],[78.790127,31.438553],[78.753754,31.480887],[78.727896,31.480895],[78.738358,31.535479],[78.777791,31.547734],[78.832089,31.587594],[78.843815,31.612593],[78.804933,31.643608],[78.796911,31.678237],[78.761145,31.671068],[78.704517,31.781069],[78.652885,31.821861],[78.663333,31.854389],[78.737738,31.887835],[78.766689,31.929001],[78.760525,31.949826],[78.703284,31.991503],[78.605518,32.026677],[78.607364,32.055601],[78.525308,32.117377],[78.507998,32.14977],[78.467812,32.130392],[78.427666,32.197201],[78.428283,32.214929],[78.473374,32.239328],[78.506759,32.300664],[78.478936,32.331942],[78.481409,32.359759],[78.456685,32.38244],[78.470898,32.438052],[78.393134,32.532842],[78.422724,32.568156],[78.498099,32.583455],[78.516647,32.608713],[78.575933,32.617904],[78.58703,32.640584],[78.626435,32.63301],[78.673156,32.66114],[78.684218,32.682774],[78.739572,32.706369],[78.740188,32.657527],[78.779626,32.610687],[78.758668,32.56631],[78.780244,32.483082],[78.808625,32.439197],[78.968762,32.334605],[79.003739,32.37798],[79.065756,32.383391],[79.100832,32.372252],[79.133498,32.474823],[79.177925,32.495597],[79.188415,32.514287],[79.250063,32.519391],[79.270373,32.563769],[79.306033,32.599516],[79.297427,32.639843],[79.270986,32.680673],[79.299269,32.731477],[79.273445,32.781314],[79.222951,32.786847],[79.235892,32.848686],[79.225415,32.892888],[79.25375,32.945111],[79.202598,32.967158],[79.160635,33.014239],[79.137187,33.119953],[79.160015,33.168065],[79.150142,33.186569],[79.070045,33.230567],[79.081732,33.247565],[79.039322,33.270636],[79.020291,33.325679],[78.966292,33.336832],[78.94787,33.378842],[78.894971,33.414849],[78.84811,33.422289],[78.814781,33.483118],[78.740174,33.555365],[78.753106,33.625135],[78.711253,33.62516],[78.682975,33.656586],[78.690349,33.678482],[78.777758,33.734684],[78.756184,33.792868],[78.760495,33.911635],[78.732166,33.920574],[78.74263,33.982615],[78.734627,34.001966],[78.654699,34.03234],[78.659614,34.088841],[78.735241,34.091702],[78.799959,34.139299],[78.827115,34.127462],[78.876473,34.165171],[78.908507,34.145376],[78.956455,34.232907],[78.979778,34.320344],[79.017818,34.315289],[79.037459,34.33648],[78.971186,34.36482],[78.957066,34.388061],[78.898037,34.357028],[78.87647,34.39355],[78.80736,34.434888],[78.740775,34.456533],[78.756789,34.483654],[78.713084,34.503886],[78.70632,34.524099],[78.633174,34.539993],[78.579607,34.507494],[78.5611,34.514865],[78.558012,34.559199],[78.540721,34.5764],[78.490647,34.5802],[78.433795,34.545591],[78.425153,34.595806],[78.278668,34.625],[78.263274,34.653056],[78.265121,34.707143],[78.210859,34.719413],[78.212092,34.762159],[78.228754,34.777891],[78.235536,34.883896],[78.204063,34.893184],[78.179975,34.938243],[78.19974,34.976004],[78.15835,34.992094],[78.120678,35.038062],[78.148464,35.070889],[78.122528,35.109497],[78.076288,35.101177],[78.060284,35.115869],[78.057822,35.181376],[78.014794,35.229354],[78.011105,35.36698],[78.104629,35.437999],[78.111413,35.467719],[78.137955,35.495506],[78.046129,35.492118],[78.027076,35.470249],[78.007418,35.492707],[77.949051,35.479722],[77.915206,35.491945],[77.912742,35.466135],[77.868337,35.496313],[77.854136,35.488503],[77.813979,35.51959],[77.79483,35.492293],[77.755334,35.498099],[77.73315,35.462551],[77.688224,35.449455],[77.655018,35.478742],[77.637183,35.45588],[77.516284,35.483063],[77.448896,35.461447],[77.393998,35.468701],[77.304829,35.541373],[77.192734,35.519964],[77.069411,35.591863],[76.995111,35.611982],[76.964427,35.592617],[76.904186,35.616051],[76.846232,35.668987],[76.766634,35.654769],[76.69032,35.748577],[76.591312,35.772981],[76.563564,35.82003],[76.585149,35.841393],[76.577133,35.867575],[76.595006,35.896668],[76.555539,35.924256],[76.512908,35.881989],[76.46901,35.886709],[76.428864,35.852203],[76.366637,35.863844],[76.362948,35.825049],[76.295929,35.842144],[76.225723,35.837813],[76.218938,35.824225],[76.15719,35.825096],[76.143603,35.840594],[76.162128,35.90947],[76.094242,36.023197],[76.041321,36.027616],[76.025348,36.017494],[75.979908,36.032146],[75.946734,36.070933],[75.933819,36.135738],[75.965166,36.159829],[76.013675,36.165966],[76.00876,36.229717],[76.057915,36.225735],[76.052379,36.253252],[75.995865,36.312725],[75.988496,36.352751],[76.032093,36.409941],[75.989106,36.506296],[75.921503,36.567006],[75.944262,36.59147],[75.868493,36.667339],[75.721035,36.751099],[75.631267,36.772329],[75.58571,36.763251],[75.534487,36.773715],[75.53387,36.730585],[75.501729,36.743917],[75.455375,36.721259],[75.422662,36.779188],[75.426976,36.873502],[75.393082,36.904576],[75.410327,36.954776],[75.285515,36.975003],[75.241831,36.963563],[75.16536,36.99213],[75.169062,37.014107],[75.060012,37.006404],[75.029311,37.016976],[75.002933,36.995082],[74.924982,36.978552],[74.936045,36.943651],[74.891139,36.940335],[74.867102,36.990967],[74.841192,37.013854],[74.844277,37.057304],[74.804165,37.054844],[74.789976,37.027612],[74.736371,37.028537],[74.706232,37.084886],[74.630035,37.066885],[74.61466,37.043991],[74.565375,37.033],[74.527706,37.082561],[74.496179,37.07245],[74.493705,37.116332],[74.462177,37.147238],[74.485048,37.162078],[74.474538,37.199695],[74.50854,37.240282],[74.54253,37.249419],[74.575856,37.231851],[74.59619,37.258525],[74.639867,37.261818],[74.663217,37.236065],[74.724674,37.2831],[74.751139,37.281186],[74.797374,37.248381],[74.813417,37.216977],[74.90837,37.233757],[74.92436,37.278022],[75.122785,37.322407],[75.136966,37.355244],[75.122783,37.388031],[75.14992,37.414209],[75.126479,37.459306],[75.087668,37.48683],[75.075364,37.511047],[75.032365,37.500681],[74.999239,37.511693],[74.998012,37.53068],[74.937873,37.559303],[74.889274,37.668367],[74.918201,37.684939],[74.920661,37.717611],[75.003524,37.770897],[74.986965,37.797912],[74.914507,37.845345],[74.934179,37.876513],[74.916351,37.908657],[74.908352,37.967203],[74.923112,38.01767],[74.876941,38.021446],[74.818949,38.103363],[74.801668,38.167364],[74.814009,38.215843],[74.790561,38.271275],[74.804134,38.285861],[74.786859,38.324817],[74.865834,38.404254],[74.860282,38.484393],[74.818939,38.491347],[74.781919,38.538576],[74.714801,38.542319],[74.637377,38.59999],[74.610933,38.593473],[74.544351,38.607918],[74.503559,38.637726],[74.452868,38.632912],[74.418916,38.647813],[74.22689,38.656395],[74.144759,38.67682],[74.109577,38.611359],[74.084921,38.61089],[74.065221,38.585658],[74.087387,38.542129],[74.031408,38.541748],[74.008683,38.52496],[73.923272,38.536403],[73.896167,38.579463],[73.849262,38.584562],[73.796132,38.611122],[73.806014,38.634509],[73.754164,38.719921],[73.76588,38.775913],[73.726434,38.837445],[73.696281,38.85798],[73.706122,38.893355],[73.739366,38.933816],[73.764641,38.941265],[73.823305,38.917153],[73.843692,38.962317],[73.836895,39.008332],[73.817122,39.041751],[73.77698,39.026822],[73.739979,39.029596],[73.717193,39.07188],[73.716576,39.108091],[73.685202,39.154999],[73.65446,39.166188],[73.636625,39.220455],[73.620012,39.235303],[73.577498,39.237627],[73.561451,39.266328],[73.539213,39.269527],[73.551569,39.295944],[73.55095,39.350085],[73.499013,39.383712],[73.589826,39.412086],[73.607692,39.465679],[73.643997,39.47441],[73.74243,39.4618],[73.865293,39.482741],[73.890591,39.528001],[73.880721,39.540915],[73.911544,39.563985],[73.913392,39.586582],[73.95092,39.599898],[73.921392,39.722019],[73.902914,39.741819],[73.838726,39.756019],[73.842431,39.830974],[73.904143,39.873758],[73.907837,39.934356],[73.977325,40.004404],[73.940457,40.015952],[74.004953,40.050604],[74.020302,40.084908],[74.110145,40.086168],[74.123102,40.104034],[74.26013,40.12479],[74.277982,40.097772],[74.313649,40.106413],[74.353604,40.088944],[74.531953,40.207656],[74.57455,40.260264],[74.615813,40.27944],[74.67051,40.27844],[74.695083,40.309886],[74.69754,40.345916],[74.821973,40.344134],[74.860233,40.326413],[74.905828,40.338756],[74.79235,40.44296],[74.812094,40.460747],[74.816414,40.505344],[74.841717,40.520854],[74.992405,40.454769],[75.018773,40.466525],[75.099264,40.439545],[75.131927,40.462788],[75.239257,40.448375],[75.265725,40.483414],[75.289088,40.483388],[75.352363,40.537396],[75.428696,40.562825],[75.46451,40.599238],[75.547342,40.648492],[75.596686,40.659431],[75.633611,40.624001],[75.628079,40.548605],[75.643452,40.516303],[75.730148,40.473859],[75.683404,40.417924],[75.666813,40.363731],[75.685251,40.343634],[75.706157,40.280638],[75.736311,40.298866],[75.782551,40.300711],[75.828249,40.327249],[75.837515,40.312211],[75.887514,40.309081],[75.918936,40.291277],[75.929396,40.339169],[75.983464,40.381442],[76.023369,40.354885],[76.045484,40.356654],[76.045483,40.388105],[76.078084,40.395804],[76.17311,40.380856],[76.276727,40.438776],[76.28042,40.414635],[76.32469,40.390871],[76.330224,40.342997],[76.378804,40.390331],[76.387423,40.377109],[76.439219,40.390813],[76.467641,40.422308],[76.505982,40.429251],[76.536893,40.463935],[76.554187,40.542205],[76.598585,40.578596],[76.608436,40.601302],[76.654553,40.619858],[76.652094,40.652542],[76.674212,40.695591],[76.644103,40.736443],[76.644102,40.75955],[76.690799,40.778938],[76.728919,40.818274],[76.738764,40.911428],[76.759088,40.953442],[76.85103,40.975703],[76.883103,41.026737],[76.937875,41.028061],[76.999246,41.072545],[77.020103,41.058507],[77.088307,41.061546],[77.104937,41.037195],[77.166018,41.008404],[77.233895,41.026997],[77.293597,41.00395],[77.35997,41.039923],[77.470971,41.021956],[77.473446,40.998499],[77.53777,41.0059],[77.589012,40.991529],[77.594559,41.004618],[77.651798,41.015387],[77.681925,41.007208],[77.734842,41.031502],[77.77801,41.022042],[77.793448,41.048223],[77.826812,41.058653],[77.804566,41.091069],[77.811979,41.133433],[77.833608,41.152387],[77.902751,41.184422],[77.970425,41.172163],[78.126687,41.22726],[78.134095,41.278076],[78.162513,41.339672],[78.147065,41.367032],[78.161276,41.382318],[78.23292,41.398128],[78.322183,41.383234],[78.335707,41.396222],[78.383073,41.393462],[78.389231,41.406919],[78.452162,41.411013],[78.525138,41.43992],[78.578866,41.480813],[78.648416,41.466424],[78.704948,41.520989],[78.694498,41.540711],[78.823266,41.559105],[78.955694,41.650397],[78.991891,41.663262],[79.019489,41.656026],[79.040965,41.680108],[79.106763,41.696131],[79.13574,41.721622],[79.214733,41.724433],[79.323629,41.808275],[79.353732,41.79439],[79.412802,41.835387],[79.454765,41.846595],[79.548727,41.833026],[79.614692,41.855358],[79.638678,41.883853],[79.774029,41.891287],[79.820329,41.962159],[79.852445,41.98313],[79.850591,42.014264],[79.921493,42.041419],[80.087364,42.045947],[80.139778,42.033536],[80.191032,42.080289],[80.165712,42.095345],[80.137306,42.149901],[80.161387,42.151273],[80.166327,42.199188],[80.284083,42.232064],[80.290231,42.258639],[80.269935,42.280807],[80.281622,42.319307],[80.226816,42.357366],[80.237295,42.388764],[80.203986,42.430267],[80.223728,42.484595],[80.263159,42.500927],[80.21941,42.532233],[80.161372,42.62863],[80.177429,42.669147],[80.226189,42.691649],[80.260072,42.827389],[80.277916,42.837027],[80.404561,42.833346],[80.501501,42.880904],[80.600857,42.893349],[80.589158,42.92227],[80.484806,42.947454],[80.395318,42.995463],[80.37624,43.030034],[80.414412,43.055387],[80.480475,43.068191],[80.591,43.132205],[80.648794,43.146123],[80.72987,43.129839],[80.750172,43.14686],[80.79207,43.13598],[80.801937,43.177024],[80.787136,43.200559],[80.786518,43.24111],[80.766795,43.264189],[80.774803,43.306885],[80.69054,43.319121],[80.683785,43.332629],[80.733551,43.388258],[80.744008,43.437817],[80.758781,43.445207],[80.752622,43.492988],[80.520017,43.815333],[80.508887,43.90554],[80.473029,43.936922],[80.482919,43.954627],[80.455107,43.979984],[80.447075,44.076843],[80.391584,44.12582],[80.404514,44.148596],[80.398354,44.197557],[80.410672,44.263633],[80.380498,44.400258],[80.347913,44.483648],[80.409426,44.60433],[80.397722,44.627761],[80.311047,44.704073],[80.236606,44.722002],[80.198356,44.75597],[80.176123,44.795863],[80.185386,44.824748],[80.167474,44.843812],[80.113148,44.81445],[79.996959,44.792978],[79.989595,44.829511],[79.951538,44.848708],[79.966888,44.877087],[79.885686,44.908549],[80.109439,45.051663],[80.133501,45.040273],[80.142144,45.058041],[80.193407,45.029806],[80.241525,45.0307],[80.289527,45.06491],[80.325777,45.069073],[80.35588,45.039853],[80.402017,45.04827],[80.441481,45.076624],[80.443333,45.096905],[80.491535,45.126164],[80.516884,45.108083],[80.597098,45.105252],[80.683725,45.128356],[80.729183,45.155305],[80.814206,45.151993],[80.859861,45.126326],[80.895595,45.126778],[80.933096,45.159672],[81.021992,45.161969],[81.077839,45.181688],[81.108601,45.217102],[81.16718,45.210018],[81.172116,45.226887],[81.233776,45.246353],[81.281755,45.237906],[81.324737,45.259739],[81.378787,45.256707],[81.395395,45.274387],[81.434217,45.281572],[81.459532,45.263094],[81.525677,45.285178],[81.533709,45.303299],[81.5726,45.307156],[81.579998,45.335774],[81.642141,45.358447],[81.674085,45.353762],[81.784871,45.38271],[81.829335,45.31886],[81.918156,45.23261],[82.049552,45.254619],[82.092616,45.248676],[82.08769,45.221287],[82.106177,45.210329],[82.291206,45.246713],[82.341593,45.217967],[82.484002,45.180102],[82.56003,45.203911],[82.584698,45.223326],[82.598242,45.345425],[82.543966,45.425229],[82.278894,45.537971],[82.263507,45.619261],[82.285652,45.654395],[82.286879,45.715449],[82.337263,45.771758],[82.346477,45.821827],[82.332956,45.88148],[82.339712,45.934372],[82.398138,45.971351],[82.45861,45.978916],[82.515496,46.153114],[82.723551,46.494064],[82.826482,46.771873],[82.875229,46.796525],[82.873378,46.823136],[82.920782,46.931495],[82.934912,47.013515],[82.990119,47.064334],[83.028122,47.167211],[83.023826,47.214378],[83.151206,47.235048],[83.170964,47.217209],[83.203682,47.212794],[83.218489,47.185986],[83.254227,47.172174],[83.3028,47.178626],[83.321227,47.166799],[83.366691,47.177294],[83.415337,47.117881],[83.459798,47.130978],[83.535275,47.083146],[83.563698,47.079941],[83.572958,47.058359],[83.69725,47.031322],[83.696021,47.014606],[83.763144,47.025982],[83.929814,46.969429],[83.948874,46.986536],[83.999838,46.98966],[84.083426,46.964182],[84.14699,46.976473],[84.192107,47.002667],[84.286448,46.993712],[84.333782,47.004235],[84.368214,46.992349],[84.42243,47.007842],[84.504046,46.972127],[84.560926,46.991035],[84.745476,47.008821],[84.778758,46.979055],[84.846665,46.956309],[84.931684,46.863166],[84.952562,46.860263],[84.977098,46.882282],[84.984453,46.91741],[85.078953,46.93884],[85.099878,46.967823],[85.172673,46.996892],[85.210938,47.040181],[85.27376,47.067903],[85.322912,47.04378],[85.437985,47.062056],[85.5431,47.057032],[85.544334,47.095734],[85.580135,47.14178],[85.679779,47.221769],[85.698211,47.287515],[85.673014,47.320827],[85.698821,47.383203],[85.682225,47.427777],[85.61215,47.497066],[85.615224,47.549598],[85.544286,48.007314],[85.528829,48.045315],[85.549225,48.080571],[85.548605,48.126947],[85.584397,48.190889],[85.619497,48.202052],[85.631179,48.231956],[85.675421,48.265363],[85.692621,48.334226],[85.755388,48.402179],[85.788704,48.418101],[85.914013,48.437311],[86.223041,48.431551],[86.267402,48.451408],[86.302445,48.491046],[86.378024,48.492506],[86.413123,48.4806],[86.577457,48.538052],[86.592242,48.576088],[86.638359,48.628291],[86.690542,48.642829],[86.699751,48.665349],[86.777886,48.730496],[86.751391,48.783738],[86.767403,48.809367],[86.816131,48.830317],[86.818598,48.849619],[86.755079,48.894016],[86.727385,48.958893],[86.729227,48.993848],[86.769239,49.026819],[86.8334,49.050454],[86.846976,49.06577],[86.851292,49.108495],[86.885201,49.131249],[86.996932,49.141635],[87.084659,49.132446],[87.109279,49.154369],[87.208605,49.139646],[87.235726,49.113431],[87.385047,49.096794],[87.433109,49.074085],[87.508527,49.100926],[87.49244,49.131037],[87.514091,49.144803],[87.673054,49.154618],[87.697014,49.174923],[87.790033,49.181561],[87.817833,49.173001],[87.817216,49.147563],[87.842551,49.14526],[87.864173,49.108091],[87.84132,49.089249],[87.854912,49.072809],[87.832054,49.053558],[87.880226,49.02303],[87.880845,48.993198],[87.908584,48.979066],[87.868505,48.962945],[87.873443,48.948413],[87.811052,48.944382],[87.790668,48.92666],[87.756731,48.925056],[87.738866,48.880215],[87.777707,48.871179],[87.788821,48.848359],[87.82589,48.82479],[87.79994,48.823956],[87.823419,48.79996],[87.869133,48.798851],[87.935671,48.757037],[87.958401,48.772768],[88.025901,48.7493],[88.060919,48.711726],[88.087382,48.718808],[88.086152,48.693929],[88.023453,48.652146],[88.007501,48.617784],[87.958413,48.598536],[87.970078,48.575148],[88.038194,48.547225],[88.10527,48.544779],[88.126868,48.520621],[88.148487,48.52541],[88.193601,48.492976],[88.226324,48.497378],[88.314959,48.477473],[88.359823,48.459534],[88.357365,48.432142],[88.434994,48.392404],[88.459096,48.391259],[88.500548,48.41204],[88.520348,48.40256],[88.532721,48.368007],[88.570402,48.368871],[88.57102,48.350973],[88.60307,48.337058],[88.572258,48.276924],[88.591988,48.259003],[88.598766,48.220726],[88.635678,48.182786],[88.665781,48.170357],[88.697722,48.17988],[88.718623,48.159489],[88.794415,48.132747],[88.821585,48.106016],[88.936231,48.114474],[88.95097,48.089658],[89.023952,48.049845],[89.041748,48.008561],[89.074928,47.985673],[89.153225,47.99574],[89.228545,47.979025],[89.279038,47.993036],[89.305467,48.020634],[89.356466,48.024945],[89.37799,48.044935],[89.495327,48.027088],[89.566459,48.036866],[89.596691,48.01486],[89.592994,47.972392],[89.642863,47.94669],[89.648399,47.912584],[89.73267,47.8964],[89.759184,47.834549],[89.955441,47.841891],[89.957897,47.884859],[90.038347,47.873389],[90.063559,47.882173],[90.08388,47.864083],[90.06787,47.819097],[90.073414,47.776064],[90.13264,47.721745],[90.177771,47.723836],[90.214237,47.704159],[90.329414,47.680304],[90.382316,47.642736],[90.344171,47.635932],[90.373699,47.601598],[90.395874,47.54627],[90.466281,47.496251],[90.472471,47.461082],[90.457005,47.437575],[90.466286,47.40359],[90.505899,47.398844],[90.524466,47.377832],[90.486094,47.316105],[90.519521,47.283339],[90.559715,47.205862],[90.765288,46.991521],[90.82887,46.994876],[90.89983,46.959863],[90.920758,46.937803],[90.92814,46.892441],[90.956397,46.878489],[90.941047,46.824931],[90.990753,46.789592],[90.990754,46.768699],[91.017123,46.765341],[91.052105,46.716468],[91.015904,46.581439],[91.066244,46.578035],[91.077313,46.557866],[91.058872,46.515906],[91.036153,46.499892],[91.023884,46.443048],[90.994448,46.418388],[90.981571,46.37385],[90.898622,46.311597],[90.953966,46.232921],[90.946599,46.218444],[90.982806,46.159505],[91.019604,46.11999],[91.012859,46.065624],[91.026356,46.021954],[90.889393,45.920697],[90.798036,45.833869],[90.713,45.727807],[90.674899,45.58143],[90.669372,45.486688],[90.7709,45.431188],[90.772135,45.404724],[90.81164,45.327418],[90.802997,45.293736],[90.830169,45.299257],[90.875851,45.279962],[90.896195,45.248807],[90.865366,45.208327],[90.880171,45.191056],[91.006148,45.217413],[91.048487,45.207605],[91.127895,45.214741],[91.169257,45.198367],[91.193958,45.15792],[91.229128,45.152477],[91.240223,45.136023],[91.333083,45.128317],[91.375496,45.109673],[91.427245,45.155264],[91.447004,45.155295],[91.498335,45.102663],[91.560168,45.074514],[91.693124,45.064265],[91.801584,45.081583],[92.055233,45.085606],[92.098321,45.080074],[92.239086,45.01473],[92.314159,45.027769],[92.347343,45.012904],[92.412574,45.017083],[92.499686,44.999921],[92.546671,45.01739],[92.682678,45.024518],[92.778028,45.049406],[92.846523,45.037681],[92.882909,45.045761],[92.921686,45.036033],[92.931519,45.016568],[93.000836,45.008782],[93.060335,45.017091],[93.09846,45.006063],[93.172464,45.014194],[93.312248,44.979094],[93.312862,44.993904],[93.374906,44.984066],[93.432807,44.95402],[93.507593,44.966908],[93.714568,44.893187],[93.721951,44.864347],[94.213679,44.666731],[94.278395,44.602426],[94.328195,44.581458],[94.357702,44.514433],[94.46931,44.508091],[94.605211,44.447276],[94.721388,44.339301],[94.766952,44.339292],[94.944504,44.291444],[94.997272,44.25186],[95.412148,44.297107],[95.428804,44.280406],[95.409068,44.243513],[95.374585,44.225937],[95.354296,44.164572],[95.349996,44.0885],[95.325419,44.027006],[95.424496,44.007976],[95.525896,44.006071],[95.622167,43.854357],[95.734741,43.595877],[95.857002,43.415847],[95.879237,43.27879],[95.920547,43.228236],[96.362713,42.898753],[96.385488,42.72581],[96.74182,42.755422],[96.967939,42.754627],[97.172107,42.793524],[98.194658,42.651571],[99.510732,42.566635],[99.967732,42.646386],[100.270642,42.634837],[100.323497,42.688434],[100.861291,42.669751],[101.555707,42.528346],[101.801364,42.502217],[102.067881,42.230505],[102.44679,42.142277],[102.538881,42.160717],[102.709919,42.151308],[103.415582,41.880282],[103.866111,41.800805],[104.076873,41.803137],[104.527222,41.873393],[104.521061,41.660028],[104.685948,41.643474],[104.919847,41.652523],[105.005691,41.581198],[105.226524,41.749281],[105.287393,41.747916],[105.737287,41.947212],[106.780836,42.289493],[107.045851,42.317212],[107.266357,42.362455],[107.298305,42.410592],[107.460774,42.456917],[107.496011,42.45481],[107.568911,42.41125],[107.934198,42.401943],[108.016465,42.431322],[108.232806,42.458316],[108.293129,42.436639],[108.527361,42.441184],[108.699686,42.411527],[108.793264,42.413297],[108.840163,42.393938],[109.02022,42.456456],[109.285561,42.433974],[109.538174,42.470767],[109.677882,42.557163],[109.900366,42.633911],[110.101894,42.640582],[110.133344,42.672733],[110.430744,42.779078],[110.463459,42.837082],[110.625054,42.934201],[110.683369,43.019449],[110.680911,43.034323],[110.730049,43.087587],[110.763282,43.097202],[111.013575,43.327814],[111.1766,43.393932],[111.346962,43.433854],[111.393059,43.470307],[111.449159,43.492084],[111.557282,43.488454],[111.786788,43.670021],[111.884317,43.671899],[111.944,43.69133],[111.96364,43.746237],[111.952578,43.821482],[111.863308,43.938502],[111.76576,44.008593],[111.69497,44.032308],[111.65565,44.059497],[111.552242,44.169597],[111.52691,44.260525],[111.499709,44.2926],[111.421261,44.317692],[111.408312,44.355364],[111.471243,44.487168],[111.507095,44.50606],[111.523157,44.548777],[111.562668,44.574869],[111.553402,44.645585],[111.617441,44.777013],[111.756974,44.967663],[111.896426,45.05075],[111.995331,45.089007],[112.063487,45.094337],[112.105985,45.071089],[112.431276,45.069837],[112.533285,44.999492],[112.592516,44.929286],[112.704986,44.877844],[112.843063,44.838927],[112.930519,44.838522],[113.107377,44.797859],[113.496288,44.775955],[113.533403,44.757788],[113.624057,44.743809],[113.79152,44.847718],[113.85455,44.861825],[113.900205,44.913574],[114.05754,44.929324],[114.109298,44.95514],[114.183428,45.034802],[114.339881,45.11754],[114.452667,45.21163],[114.512667,45.282151],[114.544183,45.38571],[114.738027,45.436402],[114.913805,45.38448],[114.976436,45.377626],[115.170835,45.3943],[115.357332,45.390438],[115.692737,45.457833],[115.93012,45.631056],[116.019753,45.659274],[116.028344,45.683092],[116.167626,45.686863],[116.210852,45.720375],[116.216403,45.74545],[116.253997,45.774277],[116.279841,45.773419],[116.271221,45.829351],[116.281676,45.837263],[116.236115,45.874398],[116.265046,45.965177],[116.407074,46.132023],[116.432367,46.135783],[116.566454,46.257501],[116.578779,46.291023],[116.66669,46.323593],[116.738589,46.325979],[116.806394,46.354141],[116.827375,46.382673],[117.089784,46.355121],[117.240245,46.365213],[117.364371,46.358435],[117.384648,46.461161],[117.44012,46.52629],[117.412343,46.580153],[117.488324,46.598818],[117.589006,46.60189],[117.615477,46.594477],[117.63393,46.556615],[117.696616,46.51493],[117.740922,46.520245],[117.762495,46.535894],[117.806332,46.528955],[117.863779,46.548396],[117.861306,46.573899],[117.907547,46.606399],[117.975149,46.613255],[117.985578,46.62966],[118.038981,46.629511],[118.116562,46.676279],[118.185136,46.680906],[118.308969,46.737495],[118.403083,46.72631],[118.439502,46.702563],[118.5792,46.691393],[118.632126,46.719667],[118.67022,46.696216],[118.780999,46.685486],[118.780994,46.715846],[118.838404,46.770055],[118.907459,46.773386],[118.905619,46.731582],[118.944345,46.720458],[119.004451,46.744071],[119.066465,46.674608],[119.115741,46.640938],[119.144745,46.656173],[119.255802,46.647262],[119.318518,46.60691],[119.350469,46.617537],[119.367074,46.601486],[119.424375,46.636827],[119.551162,46.632209],[119.591894,46.616629],[119.649744,46.623961],[119.675568,46.603364],[119.670653,46.583228],[119.776591,46.624266],[119.806862,46.666616],[119.797588,46.680146],[119.905065,46.667961],[119.928457,46.711025],[119.910596,46.756556],[119.929675,46.78849],[119.913659,46.851545],[119.920425,46.902238],[119.853183,46.915296],[119.838341,46.963053],[119.788261,47.011112],[119.78393,47.043315],[119.799996,47.053122],[119.709293,47.193503],[119.62073,47.245656],[119.560939,47.246468],[119.552282,47.301249],[119.443394,47.350846],[119.430414,47.376352],[119.378619,47.395369],[119.358313,47.420901],[119.314683,47.425026],[119.358303,47.475121],[119.144583,47.538212],[119.126657,47.66207],[118.765999,47.768966],[118.561083,47.990348],[118.43432,47.993643],[118.414561,48.012443],[118.277381,48.008997],[118.230571,48.02944],[118.231185,48.039848],[118.142864,48.034116],[118.116922,48.045287],[118.044252,48.012092],[117.954023,48.009137],[117.879558,48.023627],[117.806059,48.014307],[117.521506,47.780743],[117.511616,47.759796],[117.485636,47.756501],[117.376427,47.639121],[117.08705,47.821901],[116.872146,47.892155],[116.78391,47.895627],[116.662737,47.888874],[116.445655,47.835238],[116.258562,47.874732],[116.122778,47.821146],[115.961106,47.687803],[115.932235,47.681419],[115.572977,47.919887],[115.532183,48.102847],[115.537742,48.133235],[115.521661,48.153568],[115.815552,48.257691],[115.792024,48.513255],[116.070189,48.820509],[116.040667,48.871351],[116.710265,49.845675],[117.060849,49.693487],[117.270377,49.634723],[117.477216,49.631198],[117.801435,49.519484],[117.841597,49.549861],[117.858267,49.589878],[117.943271,49.594506],[117.988072,49.621542],[118.07468,49.614753],[118.121531,49.667498],[118.148715,49.658237],[118.203707,49.688942],[118.21296,49.728062],[118.376,49.782055],[118.390773,49.800603],[118.377838,49.82534],[118.476003,49.828944],[118.477234,49.864474],[118.523642,49.886219],[118.5675,49.929882],[118.597701,49.925266],[118.664694,49.954466],[118.73169,49.944739],[118.75386,49.95784],[118.784082,49.954015],[118.957231,49.987204],[118.974404,49.977529],[119.082423,49.983835],[119.116927,50.017338],[119.155202,50.025861],[119.186077,50.068219],[119.182367,50.086276],[119.228654,50.073649],[119.282197,50.120105],[119.301853,50.159606],[119.342396,50.164517],[119.331332,50.190615],[119.350378,50.196332],[119.311055,50.219398],[119.331935,50.243108],[119.342981,50.302406],[119.373719,50.32263],[119.350343,50.357433],[119.314711,50.351004],[119.269232,50.364826],[119.252007,50.343829],[119.224277,50.364072],[119.18046,50.346062],[119.147718,50.363192],[119.168717,50.37736],[119.117463,50.387586],[119.15697,50.421226],[119.209463,50.4133],[119.215626,50.440005],[119.242747,50.44726],[119.256275,50.535611],[119.287632,50.572466],[119.273486,50.600227],[119.290081,50.615398],[119.353356,50.631232],[119.385954,50.665733],[119.377332,50.681289],[119.442098,50.693844],[119.499021,50.762561],[119.488492,50.770478],[119.507678,50.812902],[119.490957,50.826462],[119.483516,50.877438],[119.56208,50.932718],[119.591067,50.983613],[119.623082,51.008069],[119.670419,51.015139],[119.719002,51.049682],[119.71161,51.073755],[119.756593,51.090655],[119.744867,51.115822],[119.763993,51.122967],[119.780657,51.173279],[119.752864,51.211128],[119.776322,51.224638],[119.814033,51.213079],[119.789913,51.242265],[119.820826,51.261793],[119.803506,51.279731],[119.877682,51.301547],[119.87644,51.335578],[119.939275,51.35946],[119.90727,51.372951],[119.903569,51.389759],[119.963841,51.398993],[119.975496,51.44374],[119.995133,51.457852],[119.974874,51.481026],[119.977939,51.503746],[120.00985,51.519666],[120.044851,51.559407],[120.028256,51.582136],[120.051599,51.632638],[120.092859,51.647461],[120.07929,51.676424],[120.165146,51.678366],[120.287302,51.750736],[120.310043,51.784406],[120.356145,51.788396],[120.399242,51.815018],[120.393073,51.832037],[120.472778,51.853609],[120.47401,51.884291],[120.5421,51.88115],[120.541476,51.906638],[120.649895,51.925087],[120.656031,51.956812],[120.697794,51.982182],[120.710695,52.014228],[120.684882,52.025687],[120.68365,52.045942],[120.710068,52.071665],[120.746375,52.084152],[120.760546,52.108059],[120.753143,52.135618],[120.779659,52.156576],[120.738343,52.20463],[120.748187,52.257051],[120.708799,52.260004],[120.688513,52.288963],[120.620315,52.322747],[120.616617,52.360044],[120.646731,52.369865],[120.642427,52.389233],[120.681113,52.426393],[120.675577,52.463239],[120.699529,52.491622],[120.679866,52.510231],[120.727191,52.535649],[120.619648,52.569646],[120.598106,52.588203],[120.554311,52.594353],[120.454655,52.643852],[120.389202,52.614729],[120.282191,52.622152],[120.18721,52.57744],[120.067996,52.584593],[120.041543,52.596991],[120.027401,52.644961],[120.063044,52.704735],[120.023687,52.772172],[120.093215,52.787271],[120.133352,52.811533],[120.173553,52.805458],[120.214961,52.841298],[120.289516,52.868355],[120.287667,52.890014],[120.342983,52.904705],[120.355272,52.939659],[120.403302,52.956206],[120.445293,53.008467],[120.522055,53.044286],[120.555441,53.081374],[120.636743,53.105421],[120.652709,53.135541],[120.679729,53.140871],[120.683407,53.173139],[120.72889,53.203185],[120.831305,53.238027],[120.813383,53.267336],[120.86032,53.277072],[120.87574,53.292821],[121.047623,53.289635],[121.090655,53.304964],[121.121483,53.275308],[121.220267,53.278679],[121.300853,53.299722],[121.329089,53.323969],[121.408425,53.317465],[121.582738,53.349255],[121.690324,53.390872],[121.746936,53.387613],[121.868609,53.424865],[122.103424,53.424863],[122.154054,53.466615],[122.220154,53.45995],[122.342523,53.50361],[122.366494,53.472607],[122.427486,53.442692],[122.601069,53.46369],[122.819408,53.455399],[122.887248,53.461188],[123.044215,53.504649],[123.129103,53.496089],[123.266554,53.561308],[123.446103,53.534528],[123.464038,53.507182],[123.491262,53.495873],[123.502398,53.507293],[123.482588,53.540668],[123.509191,53.556386],[123.538876,53.549708],[123.550001,53.530175],[123.523432,53.505217],[123.561737,53.503512],[123.57961,53.54514],[123.61285,53.54833],[123.660769,53.531899],[123.690252,53.496626],[123.857384,53.487833],[123.977964,53.432506],[124.00556,53.401404],[124.049742,53.402008],[124.1175,53.345959],[124.231138,53.377891],[124.319711,53.329956],[124.36765,53.256946],[124.403975,53.246555],[124.427425,53.221877],[124.555444,53.199982],[124.671078,53.205275],[124.71284,53.190519],[124.704244,53.160778],[124.726377,53.144975],[124.825042,53.143635],[124.864559,53.097398],[124.901518,53.116442],[124.879955,53.162719],[124.962281,53.192372],[125.133647,53.202166],[125.186756,53.196526],[125.307426,53.143086],[125.495436,53.093629],[125.496064,53.059501],[125.522684,53.049511],[125.606007,53.081941],[125.63246,53.060351],[125.635539,53.038057],[125.676097,53.006328],[125.734534,52.992219],[125.729002,52.941795],[125.657074,52.911978],[125.658928,52.868314],[125.670603,52.859265],[125.764156,52.896366],[125.819768,52.89753],[125.846355,52.890001],[125.847598,52.864736],[125.916085,52.814188],[125.95912,52.758403],[125.977529,52.756903],[126.012486,52.794065],[126.044411,52.798324],[126.108466,52.76645],[126.104148,52.755227],[126.03644,52.737908],[126.064729,52.689304],[126.053662,52.671551],[125.987978,52.673534],[125.963441,52.652563],[125.960992,52.628976],[126.022972,52.574659],[126.047537,52.580783],[126.058599,52.602207],[126.139398,52.571334],[126.205549,52.523787],[126.185166,52.49062],[126.197532,52.464766],[126.26106,52.47354],[126.345907,52.387669],[126.340997,52.356258],[126.313354,52.340592],[126.320119,52.308758],[126.425376,52.296975],[126.429085,52.275381],[126.393306,52.277919],[126.305392,52.233711],[126.299253,52.204022],[126.549122,52.134833],[126.556537,52.117941],[126.50709,52.035789],[126.480471,52.040129],[126.443356,52.026041],[126.440269,52.007616],[126.460682,51.980756],[126.455123,51.946809],[126.502783,51.92074],[126.61576,51.775924],[126.651397,51.761054],[126.665524,51.730267],[126.717121,51.724994],[126.726964,51.709782],[126.716517,51.677511],[126.733747,51.640742],[126.671692,51.60069],[126.688276,51.576861],[126.829993,51.534497],[126.836787,51.52036],[126.776921,51.44647],[126.784329,51.430812],[126.828166,51.412229],[126.901548,51.405957],[126.923077,51.357762],[126.897254,51.339093],[126.830034,51.343507],[126.805959,51.310185],[126.813376,51.279518],[126.85598,51.247017],[126.901582,51.245172],[126.914495,51.258272],[126.901574,51.282238],[126.870772,51.299441],[126.880014,51.320395],[126.963579,51.330767],[126.976451,51.317268],[126.969103,51.289981],[126.919414,51.244785],[126.892975,51.199081],[126.915766,51.060519],[126.978351,51.027657],[127.044559,50.961196],[127.106055,50.935897],[127.228866,50.779696],[127.287918,50.753545],[127.298362,50.732322],[127.281174,50.697868],[127.287324,50.661832],[127.362865,50.579681],[127.353657,50.545854],[127.315596,50.523856],[127.286138,50.46412],[127.356753,50.43655],[127.36229,50.402211],[127.324844,50.338884],[127.364157,50.294853],[127.596252,50.237782],[127.599957,50.177229],[127.580257,50.136176],[127.494398,50.054943],[127.488224,49.992596],[127.540186,49.926855],[127.522274,49.862389],[127.524755,49.824164],[127.576015,49.784443],[127.646763,49.778201],[127.667647,49.762305],[127.670732,49.695726],[127.697769,49.663134],[127.774748,49.628611],[127.808099,49.591806],[127.890826,49.577168],[127.942494,49.594195],[127.994028,49.590173],[128.063393,49.554289],[128.178122,49.537295],[128.236117,49.561053],[128.279806,49.564135],[128.335701,49.542675],[128.382396,49.587656],[128.530588,49.602297],[128.707714,49.562615],[128.736595,49.592872],[128.795123,49.580109],[128.805616,49.556054],[128.755691,49.513645],[128.75385,49.479819],[128.784662,49.470901],[128.864233,49.490479],[128.925142,49.465972],[129.006037,49.45487],[129.053866,49.371808],[129.076595,49.357361],[129.135713,49.355057],[129.207263,49.396874],[129.25836,49.393773],[129.312405,49.356285],[129.349843,49.353487],[129.370726,49.364766],[129.366413,49.411912],[129.381776,49.430199],[129.440316,49.438806],[129.510173,49.421476],[129.537992,49.393116],[129.554684,49.297615],[129.596598,49.276951],[129.688755,49.296331],[129.721951,49.286141],[129.753361,49.255287],[129.745362,49.206438],[129.776196,49.181821],[129.839805,49.17919],[129.856482,49.156522],[129.847227,49.131457],[129.858962,49.111894],[129.905196,49.10643],[129.926732,49.076629],[129.910745,49.058613],[129.929199,49.038198],[130.012652,49.018752],[130.050722,48.976657],[130.211734,48.891492],[130.229625,48.866322],[130.271494,48.864732],[130.403663,48.902728],[130.462937,48.903218],[130.493873,48.863567],[130.551364,48.858987],[130.601283,48.879088],[130.672547,48.878981],[130.681764,48.847474],[130.614221,48.781788],[130.531029,48.633647],[130.530416,48.609911],[130.597654,48.592175],[130.613053,48.493902],[130.639479,48.482759],[130.703337,48.509218],[130.759331,48.505627],[130.768583,48.477869],[130.737789,48.4469],[130.739645,48.402017],[130.777243,48.355126],[130.811806,48.339267],[130.837127,48.294331],[130.809971,48.263209],[130.779733,48.254392],[130.761241,48.228859],[130.757553,48.186967],[130.665959,48.125954],[130.658597,48.102787],[130.691767,48.041924],[130.729264,48.031874],[130.762524,47.995836],[130.883462,47.925051],[130.953553,47.825801],[130.958479,47.73086],[130.97565,47.710679],[131.021626,47.692014],[131.107067,47.687085],[131.174946,47.70008],[131.228612,47.730753],[131.351559,47.728187],[131.447688,47.744717],[131.535529,47.733685],[131.582466,47.658415],[131.633558,47.661604],[131.682103,47.704629],[131.733786,47.704165],[131.817749,47.67484],[131.893091,47.683395],[131.968746,47.670785],[131.992675,47.709793],[132.078098,47.700347],[132.234934,47.70737],[132.264506,47.716221],[132.317382,47.759614],[132.364104,47.762753],[132.461586,47.723787],[132.550657,47.715969],[132.59321,47.738548],[132.591968,47.790048],[132.614119,47.826218],[132.679853,47.882744],[132.654662,47.920115],[132.654043,47.942578],[132.683521,47.960564],[132.71548,47.960518],[132.761665,47.936051],[132.811649,47.934516],[132.875824,48.000349],[132.984571,48.033028],[133.045265,48.107668],[133.122188,48.13242],[133.232031,48.124187],[133.294162,48.100558],[133.399877,48.122002],[133.443688,48.110464],[133.53831,48.11911],[133.565469,48.179864],[133.589513,48.19265],[133.685431,48.184534],[133.732779,48.252286],[133.933257,48.299839],[133.987894,48.301292],[134.060948,48.33614],[134.108378,48.330555],[134.19607,48.380014],[134.361599,48.380281],[134.494261,48.41661],[134.570874,48.403269],[134.696875,48.403126],[134.756545,48.367712],[134.813287,48.373753],[134.879281,48.435439],[134.919884,48.449325],[135.027799,48.438331],[135.06032,48.456925],[135.087377,48.435069],[135.082463,48.400907],[135.001462,48.363299],[134.856495,48.33007],[134.671732,48.253931],[134.664998,48.168176],[134.625098,48.097128],[134.544419,48.030293],[134.5469,47.979831],[134.592533,47.945398],[134.600542,47.906886],[134.651549,47.898795],[134.66997,47.882301],[134.671211,47.816821],[134.765302,47.760847],[134.772093,47.713353],[134.6823,47.635622],[134.670646,47.58602],[134.569209,47.516647],[134.561199,47.475806],[134.482714,47.443655],[134.299747,47.426232],[134.25917,47.389437],[134.256096,47.368777],[134.169733,47.323706],[134.14936,47.245755],[134.222862,47.179637],[134.214857,47.102735],[134.135185,47.090797],[134.110502,47.059403],[134.09448,47.003135],[134.056319,46.977459],[134.068629,46.935802],[134.034831,46.884375],[134.017657,46.808327],[134.045296,46.777545],[134.025647,46.756695],[134.003578,46.63572],[133.912692,46.594016],[133.883751,46.523259],[133.842404,46.473372],[133.84488,46.448232],[133.895478,46.444155],[133.941633,46.399141],[133.933647,46.379343],[133.869594,46.360369],[133.862192,46.336401],[133.915821,46.328973],[133.901049,46.306248],[133.911522,46.278947],[133.902907,46.252471],[133.860357,46.248724],[133.872087,46.231764],[133.842457,46.201906],[133.807236,46.228762],[133.787478,46.191451],[133.757244,46.171113],[133.698755,46.161195],[133.683394,46.131776],[133.738157,46.073192],[133.733235,46.046609],[133.674206,45.984326],[133.669298,45.941059],[133.607823,45.940737],[133.610908,45.90159],[133.576421,45.866591],[133.547411,45.891143],[133.504755,45.884787],[133.484345,45.864721],[133.486825,45.838043],[133.460233,45.832547],[133.462095,45.797087],[133.497971,45.783416],[133.462099,45.775381],[133.479422,45.737841],[133.446656,45.7294],[133.438013,45.702634],[133.477576,45.689353],[133.478201,45.656313],[133.441113,45.644923],[133.463982,45.628654],[133.405332,45.615581],[133.415819,45.581667],[133.335223,45.552392],[133.326008,45.559953],[133.238722,45.515204],[133.19618,45.514329],[133.157305,45.434946],[133.136319,45.428191],[133.137566,45.364743],[133.111661,45.350415],[133.12153,45.334442],[133.090111,45.28224],[133.103049,45.264138],[133.088271,45.244338],[133.122171,45.208959],[133.132058,45.125026],[133.099995,45.12204],[133.028699,45.052001],[132.947135,45.020944],[132.860358,45.059876],[131.996239,45.252124],[131.969225,45.274947],[131.92436,45.28557],[131.910192,45.337344],[131.880605,45.34029],[131.822552,45.309496],[131.781167,45.243743],[131.786115,45.209615],[131.751553,45.211692],[131.713973,45.232356],[131.674005,45.213033],[131.643283,45.157846],[131.680163,45.148917],[131.688158,45.129911],[131.625468,45.073009],[131.476703,44.993316],[131.494029,44.975594],[131.456921,44.961096],[131.401976,44.983449],[131.372425,44.97584],[131.347216,44.987722],[131.306063,44.963674],[131.306066,44.948431],[131.267354,44.917568],[131.255663,44.927744],[131.200206,44.911618],[131.195884,44.930676],[131.153288,44.945848],[131.082391,44.922061],[131.094092,44.896635],[131.071326,44.879263],[130.957825,44.848583],[130.965192,44.818012],[131.008109,44.81279],[131.008727,44.787313],[131.056593,44.784653],[131.061514,44.757459],[131.085503,44.743841],[131.083046,44.714933],[131.103985,44.707705],[131.303165,44.044173],[131.258292,44.032179],[131.237991,43.953348],[131.255231,43.946448],[131.246623,43.89081],[131.20966,43.833804],[131.205966,43.798805],[131.225091,43.740022],[131.208447,43.724865],[131.214005,43.679426],[131.231882,43.667746],[131.193058,43.529417],[131.269462,43.492981],[131.311251,43.496825],[131.306959,43.458614],[131.28853,43.439092],[131.306971,43.389937],[131.268255,43.366507],[131.247968,43.262461],[131.198664,43.234536],[131.193734,43.200518],[131.211625,43.188764],[131.200533,43.12896],[131.166592,43.108814],[131.16413,43.066866],[131.112917,43.065476],[131.095057,43.018246],[131.111078,43.005131],[131.108003,42.972747],[131.143778,42.965788],[131.13823,42.933815],[131.107397,42.912313],[131.026852,42.926415],[131.010293,42.912442],[131.036068,42.860213],[130.97474,42.854687],[130.942833,42.874501],[130.905959,42.868411],[130.8838,42.850432],[130.83816,42.878878],[130.794957,42.877047],[130.777074,42.839746],[130.747493,42.843236],[130.712425,42.829216],[130.701358,42.844145],[130.658975,42.845537],[130.596895,42.8171],[130.555601,42.812685],[130.525962,42.784969],[130.459194,42.76985],[130.399956,42.728907],[130.417837,42.704303],[130.457355,42.685906],[130.514232,42.6997],[130.585835,42.669035],[130.627069,42.601223],[130.616008,42.570841],[130.563663,42.554973],[130.558737,42.504259],[130.593255,42.483986],[130.593877,42.448231],[130.638774,42.424339],[130.574782,42.433211],[130.579089,42.4831],[130.55195,42.493659],[130.513632,42.590998],[130.5161,42.62007],[130.475291,42.624353],[130.452428,42.58554],[130.469117,42.567518],[130.428352,42.550682],[130.416626,42.572262],[130.439453,42.604892],[130.413536,42.614544],[130.380889,42.60045],[130.36612,42.628202],[130.326167,42.647194],[130.283141,42.700494],[130.250529,42.708436],[130.235125,42.736126],[130.238195,42.796735],[130.25112,42.858159],[130.270809,42.889711],[130.251112,42.903748],[130.163507,42.90979],[130.128929,42.900967],[130.095004,42.920219],[130.120284,42.929872],[130.113495,42.951763],[130.136941,42.973681],[130.101156,42.987211],[130.065444,42.968842],[130.019982,42.964995],[129.995435,42.978636],[129.956775,42.976122],[129.947559,43.008524],[129.890352,42.999398],[129.897134,42.966136],[129.861373,42.971367],[129.849651,42.949461],[129.868169,42.921455],[129.839778,42.916157],[129.828672,42.864418],[129.80953,42.848595],[129.803982,42.792858],[129.77683,42.760322],[129.760188,42.705378],[129.789802,42.679465],[129.747258,42.643351],[129.779939,42.613001],[129.739261,42.582147],[129.731887,42.497944],[129.741743,42.468817],[129.697457,42.424699],[129.645237,42.424352],[129.620648,42.4606],[129.584343,42.445606],[129.594818,42.412921],[129.562777,42.396997],[129.571413,42.378],[129.539331,42.359381],[129.445396,42.438673],[129.393612,42.446567],[129.385616,42.425812],[129.359181,42.426278],[129.361019,42.456746],[129.335227,42.438684],[129.349353,42.424526],[129.324178,42.427222],[129.302081,42.401198],[129.319274,42.387465],[129.233851,42.373852],[129.224617,42.35395],[129.25355,42.333165],[129.201825,42.290652],[129.224628,42.281378],[129.209227,42.262765],[129.176544,42.259613],[129.174696,42.239675],[129.20245,42.23529],[129.209236,42.206046],[129.1599,42.185568],[129.106887,42.138025],[129.041729,42.134968],[129.032532,42.105246],[129.002496,42.089342],[128.96511,42.094783],[128.948553,42.0815],[128.946722,42.023287],[128.892036,42.014452],[128.789071,42.040092],[128.773046,42.031181],[128.731794,42.048059],[128.696154,42.01787],[128.652563,42.016615],[128.631681,42.0331],[128.600945,42.027796],[128.592333,42.00512],[128.492972,41.998263],[128.460215,42.018183],[128.288496,42.024029],[128.084424,42.020328],[128.02787,41.997736],[128.100451,41.947368],[128.106638,41.790948],[128.141807,41.778496],[128.157869,41.719147],[128.202943,41.686167],[128.243019,41.679046],[128.295929,41.625351],[128.311911,41.573425],[128.295328,41.53764],[128.232571,41.495581],[128.237503,41.474969],[128.198045,41.408572],[128.163473,41.401782],[128.10855,41.361763],[128.084519,41.372083],[128.104848,41.390933],[128.034098,41.391004],[127.994198,41.440457],[127.985612,41.418957],[127.964743,41.436508],[127.926039,41.442866],[127.903888,41.427638],[127.876771,41.446017],[127.863822,41.401603],[127.849008,41.418628],[127.774302,41.424784],[127.630968,41.41147],[127.613131,41.430777],[127.558295,41.430762],[127.54162,41.475115],[127.520614,41.465652],[127.459412,41.476682],[127.453237,41.459187],[127.413742,41.457779],[127.399568,41.47615],[127.354047,41.477082],[127.354664,41.463634],[127.247732,41.484405],[127.282788,41.499612],[127.158929,41.540293],[127.112666,41.537538],[127.119443,41.56396],[127.172498,41.597609],[127.129921,41.597983],[127.121284,41.619892],[127.087401,41.627479],[127.097249,41.645365],[127.032092,41.674499],[127.051732,41.701267],[127.044972,41.742369],[127.000188,41.746953],[126.973818,41.774706],[126.934541,41.771229],[126.947432,41.801992],[126.925934,41.810505],[126.881629,41.789553],[126.842784,41.731924],[126.803897,41.747035],[126.794647,41.700573],[126.71763,41.751008],[126.689355,41.748816],[126.685057,41.726051],[126.718866,41.708584],[126.682608,41.671997],[126.639605,41.659114],[126.602705,41.667202],[126.587315,41.622492],[126.558952,41.606813],[126.577462,41.561188],[126.554639,41.545941],[126.491613,41.404604],[126.533663,41.364783],[126.518831,41.347236],[126.491617,41.372745],[126.431665,41.351051],[126.367584,41.286811],[126.348524,41.242335],[126.326395,41.234731],[126.289518,41.169559],[126.161873,41.092481],[126.11864,41.090159],[126.127904,41.061773],[126.093976,41.034242],[126.102611,41.009884],[126.060112,40.995465],[126.076732,40.974684],[126.045972,40.959828],[126.035528,40.92688],[126.002364,40.934651],[125.95386,40.880109],[125.915729,40.881078],[125.869491,40.906836],[125.811435,40.865152],[125.772526,40.895837],[125.642669,40.824509],[125.635295,40.796913],[125.670336,40.786437],[125.679559,40.767401],[125.611306,40.762076],[125.579885,40.786987],[125.545327,40.760225],[125.539153,40.728045],[125.489689,40.727003],[125.453833,40.705602],[125.447658,40.674753],[125.41248,40.671526],[125.416184,40.63387],[125.369377,40.656566],[125.323285,40.64212],[125.299321,40.659408],[125.273504,40.653546],[125.256899,40.618613],[125.175522,40.609462],[125.107662,40.567575],[125.009944,40.53226],[124.998911,40.49455],[125.036948,40.482161],[125.038178,40.464867],[124.979902,40.47368],[124.940017,40.454666],[124.90805,40.480645],[124.733587,40.370265],[124.716983,40.32012],[124.621129,40.290619],[124.50951,40.218807],[124.484782,40.182629],[124.452024,40.176141],[124.341147,40.078219],[124.330704,40.048469],[124.366362,40.020004],[124.343618,39.987493],[124.282773,39.961461],[124.280932,39.930266],[124.23599,39.927078],[124.211327,39.892633],[124.208862,39.863699],[124.167498,39.839742],[124.145278,39.744066],[124.093453,39.775754],[124.097144,39.821729],[123.996948,39.798924],[123.945989,39.816533],[123.806669,39.829797],[123.68224,39.806818],[123.669335,39.825688],[123.63984,39.822525],[123.636771,39.794949],[123.607255,39.77383],[123.573994,39.779806],[123.541294,39.754921],[123.528936,39.787087],[123.472079,39.745528],[123.386963,39.722404],[123.382654,39.745874],[123.268987,39.752488],[123.264688,39.713377],[123.281287,39.702772],[123.247465,39.688525],[123.20989,39.69541],[123.207428,39.664554],[123.161163,39.672766],[123.140808,39.645553],[123.097664,39.67545],[123.005545,39.653956],[123.01597,39.641946],[122.973669,39.614884],[122.96754,39.593697],[122.855617,39.603452],[122.84205,39.580378],[122.8038,39.558632],[122.677636,39.513432],[122.644472,39.515341],[122.632187,39.487664],[122.576809,39.463215],[122.528063,39.41878],[122.462548,39.401955],[122.407621,39.410187],[122.360847,39.369065],[122.269877,39.321106],[122.237863,39.266495],[122.111959,39.212584],[122.118749,39.171335],[122.161966,39.15749],[122.043022,39.099935],[122.06639,39.07297],[122.05655,39.059053],[122.008634,39.072171],[121.958298,39.029123],[121.902325,39.054752],[121.924491,39.024077],[121.848045,39.034735],[121.9011,38.996674],[121.915881,38.968772],[121.858551,38.941775],[121.799878,38.970043],[121.785055,39.021617],[121.751746,39.024842],[121.733266,38.99789],[121.666226,39.009138],[121.657626,38.965456],[121.613967,38.949244],[121.714194,38.919307],[121.703742,38.87184],[121.670546,38.86072],[121.559742,38.873835],[121.504756,38.816873],[121.393608,38.811534],[121.354233,38.821357],[121.310608,38.793004],[121.254653,38.785615],[121.193637,38.720731],[121.132533,38.722024],[121.106627,38.77518],[121.12327,38.798041],[121.105385,38.860929],[121.124495,38.878176],[121.08875,38.893055],[121.083822,38.920982],[121.122635,38.957749],[121.175093,38.958767],[121.199165,38.940202],[121.270016,38.970922],[121.335777,38.979648],[121.311812,39.011301],[121.365272,39.059059],[121.425636,39.026076],[121.502876,39.033234],[121.576994,39.074723],[121.594248,39.09794],[121.557246,39.12622],[121.585616,39.154079],[121.637323,39.118784],[121.601025,39.079833],[121.626873,39.077026],[121.677277,39.116855],[121.634243,39.165177],[121.599169,39.16521],[121.581913,39.192562],[121.586224,39.227786],[121.626241,39.225447],[121.584371,39.262062],[121.618853,39.284738],[121.667425,39.274473],[121.662504,39.309664],[121.713532,39.319297],[121.706764,39.338739],[121.719681,39.363239],[121.616387,39.325008],[121.557223,39.321753],[121.510267,39.285542],[121.469455,39.295144],[121.461418,39.318726],[121.430536,39.32838],[121.427447,39.356133],[121.349249,39.376504],[121.319142,39.370085],[121.30255,39.389998],[121.265047,39.37294],[121.240421,39.388206],[121.24165,39.4201],[121.26504,39.43303],[121.240413,39.455675],[121.296394,39.475025],[121.281638,39.50598],[121.263189,39.48153],[121.219453,39.517994],[121.221298,39.553524],[121.293921,39.604677],[121.4447,39.623478],[121.446549,39.656657],[121.47745,39.658118],[121.497233,39.701924],[121.453951,39.746446],[121.481766,39.758941],[121.466923,39.800747],[121.536779,39.873085],[121.567035,39.863952],[121.62186,39.8814],[121.694394,39.9359],[121.759038,39.932187],[121.773839,39.941375],[121.791115,39.997808],[121.81952,40.024441],[121.905289,40.071718],[121.951415,40.132073],[121.990097,40.126932],[121.998071,40.170817],[121.975974,40.171799],[121.945261,40.20296],[121.935422,40.2409],[122.021388,40.243408],[122.034283,40.258901],[122.03489,40.320511],[122.074239,40.331392],[122.105043,40.314054],[122.132803,40.337343],[122.105655,40.347348],[122.130329,40.373357],[122.147002,40.35606],[122.193317,40.380758],[122.181579,40.421283],[122.224165,40.422707],[122.245735,40.444115],[122.216757,40.479601],[122.259894,40.4787],[122.226005,40.503719],[122.240797,40.518277],[122.145121,40.58677],[122.128448,40.612629],[122.143258,40.670284],[122.060663,40.647122],[122.020108,40.672617],[121.946434,40.679174],[121.931063,40.710035],[121.929207,40.796561],[121.8787,40.800652],[121.837954,40.830013],[121.810768,40.893275],[121.773107,40.885082],[121.729966,40.860656],[121.726889,40.845281],[121.677689,40.828158],[121.62113,40.842731],[121.571237,40.836406],[121.547786,40.816011],[121.549634,40.848137],[121.521209,40.850332],[121.493997,40.878292],[121.434664,40.87995],[121.433436,40.828388],[121.231004,40.849354],[121.172393,40.871887],[121.120552,40.867282],[121.071286,40.813896],[121.081132,40.796237],[121.005585,40.782805],[121.001902,40.805904],[120.966323,40.804199],[120.989024,40.789195],[120.974917,40.764784],[120.985962,40.742554],[121.023381,40.744708],[121.027068,40.707537],[120.977992,40.711308],[120.934407,40.685116],[120.856193,40.683303],[120.824713,40.669642],[120.832125,40.642887],[120.817313,40.592921],[120.722984,40.537871],[120.716834,40.514234],[120.688552,40.50427],[120.661518,40.466104],[120.614176,40.458895],[120.612335,40.418375],[120.5914,40.397885],[120.597565,40.359603],[120.532157,40.323957],[120.516701,40.303387],[120.518562,40.255463],[120.486403,40.198722],[120.445595,40.176218],[120.366049,40.172985],[120.267637,40.126033],[120.155925,40.094811],[120.128743,40.073249],[120.08617,40.075971],[119.941708,40.039198],[119.936176,40.008505],[119.912788,39.988823],[119.848621,39.98741],[119.866536,39.95946],[119.836885,39.954829],[119.814633,39.978179],[119.781277,39.949229],[119.675934,39.921292],[119.636578,39.924117],[119.614428,39.903492],[119.582388,39.909467],[119.534848,39.886903],[119.514448,39.83908],[119.53053,39.807871],[119.468058,39.81183],[119.360135,39.733563],[119.263644,39.497271],[119.310385,39.435782],[119.311003,39.40944],[119.266738,39.362347],[119.179197,39.341012],[119.089754,39.240906],[119.031965,39.210405],[119.017851,39.185876],[118.920249,39.122581],[118.884544,39.117952],[118.890702,39.138832],[118.945441,39.177734],[118.891317,39.150429],[118.851852,39.161987],[118.808644,39.13779],[118.754979,39.132622],[118.63137,39.156434],[118.572884,39.130017],[118.58275,39.106822],[118.527198,39.090026],[118.56488,38.99859],[118.598783,38.970711],[118.534017,38.909233],[118.485173,38.908165],[118.371614,38.970824],[118.35992,39.014998],[118.313196,39.008574],[118.218997,39.033734],[118.118944,39.181625],[118.064095,39.212683],[118.019843,39.200725],[118.026596,39.218782],[117.971342,39.205041],[117.958449,39.171698],[117.865487,39.12167],[117.831536,39.056162],[117.849458,38.956735],[117.89203,38.947938],[117.841443,38.854791],[117.772282,38.868184],[117.745771,38.846745],[117.639988,38.828252],[117.640606,38.788166],[117.734695,38.753048],[117.734701,38.69938],[117.723006,38.679309],[117.650457,38.659808],[117.633249,38.626195],[117.632029,38.544354],[117.679359,38.538652],[117.638795,38.527027],[117.672605,38.476391],[117.718726,38.456644],[117.724269,38.424299],[117.774811,38.373188],[117.840267,38.367667],[117.931502,38.387398],[117.951789,38.37563],[117.942574,38.346086],[117.889643,38.301061],[117.890878,38.278983],[118.012599,38.201645],[118.03901,38.213334],[118.106112,38.209514],[118.17156,38.18562],[118.211084,38.146152],[118.398199,38.120089],[118.425333,38.105507],[118.443854,38.123435],[118.498874,38.113221],[118.528556,38.062895],[118.546473,38.054923],[118.592113,38.078531],[118.601961,38.128457],[118.620421,38.137859],[118.805676,38.157049],[118.902522,38.138809],[118.968287,38.093491],[118.995909,37.995357],[119.104705,37.920611],[119.121978,37.846927],[119.155306,37.818143],[119.206538,37.838086],[119.234282,37.877334],[119.285989,37.868797],[119.303211,37.804482],[119.256482,37.659698],[119.01804,37.641156],[118.983068,37.619934],[118.933962,37.526626],[118.995374,37.317888],[119.034039,37.303505],[119.048172,37.253976],[119.078304,37.238701],[119.085073,37.25679],[119.122049,37.25395],[119.130688,37.230154],[119.198583,37.279307],[119.185006,37.258818],[119.201058,37.222655],[119.292832,37.196445],[119.295297,37.138772],[119.321731,37.114883],[119.483847,37.134015],[119.570995,37.127067],[119.673187,37.157484],[119.681798,37.143167],[119.734731,37.133089],[119.824844,37.225155],[119.860058,37.23331],[119.887212,37.26333],[119.877952,37.310439],[119.831628,37.346048],[119.838422,37.376015],[119.921709,37.386044],[119.944471,37.419274],[120.138933,37.480737],[120.241438,37.555861],[120.203176,37.587607],[120.209964,37.620327],[120.267308,37.635979],[120.264226,37.657779],[120.214898,37.671034],[120.222302,37.692828],[120.362646,37.696935],[120.449584,37.756615],[120.512661,37.749219],[120.586145,37.763545],[120.629236,37.795686],[120.651984,37.792339],[120.728216,37.832885],[120.834295,37.823538],[120.870083,37.832574],[120.935958,37.818844],[120.93842,37.784789],[120.989372,37.758637],[121.032328,37.71781],[121.130795,37.722491],[121.154865,37.697911],[121.137589,37.660463],[121.156722,37.645335],[121.143763,37.625408],[121.169074,37.596538],[121.212272,37.581908],[121.299683,37.581874],[121.353143,37.596476],[121.343919,37.634412],[121.385741,37.624408],[121.430119,37.59172],[121.390669,37.588852],[121.3956,37.556602],[121.454827,37.521564],[121.472135,37.475089],[121.566686,37.440654],[121.571002,37.459657],[121.630736,37.49335],[121.660864,37.472883],[121.91912,37.472472],[121.99285,37.493667],[122.012489,37.530154],[122.070255,37.53952],[122.083797,37.553268],[122.145473,37.556163],[122.158444,37.518229],[122.12696,37.498243],[122.16154,37.437993],[122.247919,37.467067],[122.282387,37.444245],[122.276238,37.430001],[122.332178,37.413277],[122.411547,37.413682],[122.482546,37.433777],[122.490583,37.412896],[122.549278,37.406398],[122.636712,37.427784],[122.671113,37.412518],[122.69691,37.417698],[122.709203,37.391544],[122.6877,37.373038],[122.645932,37.387852],[122.602901,37.363657],[122.606595,37.338928],[122.56903,37.295628],[122.562867,37.258973],[122.588136,37.260896],[122.619527,37.190396],[122.569042,37.175626],[122.576442,37.147035],[122.528927,37.152674],[122.479488,37.128218],[122.462195,37.036566],[122.570904,37.054016],[122.578919,37.036838],[122.540059,37.004313],[122.553026,36.968034],[122.527717,36.901057],[122.484457,36.886106],[122.478274,36.913347],[122.429484,36.913715],[122.449858,36.878361],[122.41099,36.85869],[122.378965,36.864913],[122.37343,36.843863],[122.339616,36.827638],[122.21593,36.848331],[122.169632,36.842037],[122.183833,36.86551],[122.170862,36.89371],[122.114686,36.891232],[122.136279,36.937637],[122.119615,36.943352],[122.088177,36.913221],[122.046954,36.904183],[122.037739,36.871199],[122.003955,36.961658],[121.763079,36.874199],[121.757533,36.845966],[121.721193,36.825871],[121.627118,36.800649],[121.646803,36.72348],[121.551326,36.764232],[121.57046,36.739821],[121.527238,36.735906],[121.48152838271879,36.78424388136645],[121.44935,36.751984],[121.388916,36.73755],[121.395694,36.700635],[121.352625,36.712661],[121.293632,36.70174],[121.24688,36.671087],[121.156213,36.650824],[121.023858,36.5726],[120.95083,36.57569],[120.921943,36.611757],[120.877607,36.627124],[120.842444,36.618437],[120.880074,36.601202],[120.905335,36.568546],[120.957586,36.562703],[120.978456,36.545829],[120.949609,36.507451],[120.960666,36.466065],[120.933641,36.447839],[120.904115,36.450274],[120.91335,36.417541],[120.86715,36.366965],[120.844317,36.403052],[120.854189,36.424733],[120.82394,36.466545],[120.754842,36.462604],[120.689619,36.389975],[120.739455,36.327772],[120.65828,36.331739],[120.652754,36.276303],[120.68164,36.279143],[120.676113,36.238628],[120.707476,36.126539],[120.610948,36.120411],[120.589395,36.100599],[120.541882,36.107793],[120.541884,36.09184],[120.463977,36.087757],[120.424444,36.056728],[120.281018,36.047201],[120.357271,36.195926],[120.314832,36.232206],[120.292076,36.225489],[120.304998,36.184915],[120.258223,36.182075],[120.255757,36.198494],[120.219377,36.191242],[120.215054,36.209102],[120.176145,36.203732],[120.13537,36.173238],[120.137227,36.14329],[120.103277,36.127309],[120.1113,36.102663],[120.147116,36.094975],[120.176159,36.066497],[120.234196,36.062218],[120.229882,36.030771],[120.193464,35.9954],[120.252078,36.024967],[120.244069,35.992057],[120.284714,36.017197],[120.311166,36.002149],[120.3001,35.971668],[120.260709,35.96639],[120.203971,35.917441],[120.197181,35.891747],[120.164437,35.888297],[120.202733,35.947476],[120.147753,35.907168],[120.119961,35.906643],[120.107004,35.884822],[120.058943,35.87321],[120.026973,35.812171],[120.044189,35.786413],[120.008552,35.714166],[119.953254,35.760454],[119.921264,35.760024],[119.915108,35.740125],[119.945265,35.729883],[119.907108,35.660949],[119.920045,35.637608],[119.863317,35.608912],[119.825015,35.620519],[119.818834,35.646273],[119.766964,35.579093],[119.74599,35.617991],[119.656753,35.589413],[119.657986,35.563142],[119.6137,35.460004],[119.574264,35.406898],[119.584752,35.373269],[119.538458,35.348338],[119.532901,35.297102],[119.487758,35.318931],[119.445108,35.285639],[119.405619,35.231889],[119.392073,35.138074],[119.422282,35.121466],[119.36807,35.078917],[119.286918,35.06927],[119.301679,35.033521],[119.286308,35.02914],[119.279538,35.06879],[119.23275,35.049238],[119.205624,34.982139],[119.209332,34.926288],[119.196995,34.890974],[119.211809,34.828695],[119.232776,34.800243],[119.373027,34.765206],[119.435282,34.77014],[119.434045,34.785851],[119.491528,34.755054],[119.376106,34.752925],[119.520595,34.734505],[119.460002,34.673874],[119.635946,34.570292],[119.776331,34.51696],[119.806594,34.486941],[119.957687,34.460357],[120.30703,34.308144],[120.309495,34.256734],[120.34271,34.180488],[120.362404,34.092805],[120.579143,33.669936],[120.675756,33.521834],[120.712653,33.438454],[120.736663,33.339051],[120.765006,33.30857],[120.809424,33.305131],[120.82918,33.276671],[120.814986,33.239636],[120.839063,33.211663],[120.869921,33.095548],[120.867459,33.048938],[120.913666,33.027893],[120.92843,33.007819],[120.953019,32.895357],[120.976965,32.86164],[120.967767,32.763138],[120.948736,32.716393],[120.911848,32.70336],[120.959179,32.684656],[120.975143,32.638278],[120.957343,32.614141],[121.015649,32.607421],[121.072172,32.578069],[121.117129,32.571012],[121.148593,32.531214],[121.265136,32.485416],[121.385647,32.462523],[121.420769,32.432739],[121.445467,32.284152],[121.489339,32.265542],[121.494908,32.213414],[121.454122,32.179365],[121.538175,32.154262],[121.520875,32.138507],[121.754909,32.061354],[121.76786,32.034978],[121.851823,31.957438],[121.885146,31.868552],[121.965768,31.72092],[121.991578,31.495057],[121.977457,31.466011],[121.886416,31.430919],[121.814817,31.440005],[121.621457,31.503893],[121.42948,31.592299],[121.390651,31.58718],[121.338991,31.513807],[121.516613,31.396594],[121.594995,31.376796],[121.718021,31.305598],[121.805576,31.19876],[121.94247,31.068279],[121.98671,30.970772],[121.989789,30.865058],[121.950481,30.828191],[121.983658,30.755652],[121.988574,30.697533],[122.006997,30.671755],[122.070917,30.650002],[122.128853,30.597506],[122.082618,30.604179],[121.992876,30.660992],[121.96401,30.690917],[121.939419,30.779406],[121.900642,30.816438],[121.676854,30.820957],[121.512957,30.777775],[121.421536,30.732318],[121.357504,30.681934],[121.270213,30.679506],[121.144441,30.602178],[121.053901,30.566114],[121.088352,30.51816],[121.220966,30.406934],[121.323722,30.399624],[121.36737,30.373227],[121.390758,30.34068],[121.493219,30.261291],[121.631416,30.072602],[121.648636,30.073609],[121.716898,29.995259],[121.779751,29.995782],[121.915494,29.923348],[121.96714,29.957999],[121.99969,29.922638],[122.002763,29.894098],[122.1357,29.903823],[122.138787,29.879962],[122.039622,29.824971],[121.999088,29.764844],[121.933352,29.750986],[121.829166,29.655823],[121.868674,29.635087],[121.905661,29.652783],[121.962251,29.638655],[121.996033,29.584981],[121.991123,29.547531],[121.964718,29.518458],[121.96902,29.480438],[121.989288,29.454861],[121.971482,29.413758],[121.933995,29.386745],[121.932152,29.350782],[121.954287,29.337183],[121.940767,29.287147],[121.996057,29.281263],[121.9979,29.262998],[121.962895,29.252665],[121.967814,29.196284],[121.944463,29.19634],[121.982557,29.157604],[121.984403,29.113722],[121.965979,29.095487],[121.962296,29.055777],[121.880435,29.108643],[121.855757,29.089281],[121.806979,29.112707],[121.776119,29.112662],[121.763779,29.169583],[121.745907,29.139287],[121.71143,29.127817],[121.604409,29.171851],[121.612414,29.146257],[121.656088,29.121122],[121.654863,29.061552],[121.708361,29.03166],[121.707134,28.988778],[121.739145,28.957363],[121.768117,28.901369],[121.770587,28.866812],[121.683158,28.866343],[121.700382,28.807641],[121.685014,28.72221],[121.641979,28.686093],[121.536606,28.658778],[121.592136,28.578509],[121.630304,28.565874],[121.641992,28.514879],[121.667204,28.475924],[121.688728,28.410649],[121.654914,28.395975],[121.63032,28.351264],[121.656146,28.35912],[121.66537,28.336458],[121.623559,28.255379],[121.576136,28.243793],[121.567499,28.282791],[121.534779,28.302755],[121.484721,28.30472],[121.397706,28.200191],[121.369397,28.136364],[121.323903,28.137495],[121.295635,28.070494],[121.256883,28.037785],[121.171801,28.025551],[121.136627,28.03447],[121.116885,28.128445],[121.103941,28.142159],[121.054713,28.099433],[121.011118,27.9849],[120.987797,27.953251],[121.051656,27.903366],[121.095336,27.898037],[121.158232,27.910276],[121.158235,27.882237],[121.189092,27.875416],[121.187861,27.825665],[121.148366,27.813417],[121.12986,27.789033],[121.147749,27.818711],[121.10335,27.816541],[121.0658,27.837201],[121.023406,27.835701],[120.970001,27.890364],[120.938059,27.899961],[120.836413,27.762303],[120.805552,27.778664],[120.773472,27.778089],[120.76731,27.737829],[120.705125,27.685922],[120.681149,27.626056],[120.630738,27.580534],[120.698989,27.481706],[120.669484,27.423345],[120.661497,27.361198],[120.576564,27.324597],[120.550653,27.255435],[120.57102,27.23791],[120.542015,27.160168],[120.488244,27.139256],[120.457338,27.14556],[120.387624,27.084243],[120.278718,27.09293],[120.291645,27.039101],[120.271334,27.030599],[120.275647,26.990617],[120.255324,26.985833],[120.228821,26.911159],[120.121997,26.923801],[120.11336,26.885909],[120.049904,26.866729],[120.068985,26.82666],[120.097945,26.829851],[120.09918,26.797808],[120.131883,26.801041],[120.102266,26.756138],[120.146708,26.754051],[120.157828,26.720936],[120.105972,26.69574],[120.133747,26.641217],[120.08933,26.61711],[120.059151,26.631047],[120.003207,26.599077],[119.963266,26.601335],[119.933748,26.579989],[119.943593,26.563911],[119.862865,26.512524],[119.823956,26.527455],[119.847422,26.598705],[119.897405,26.628183],[119.944818,26.628134],[119.968179,26.658035],[119.965104,26.69013],[119.989681,26.72374],[120.057295,26.772195],[120.048064,26.789841],[119.938655,26.787994],[119.934351,26.750601],[119.894935,26.696644],[119.904183,26.665093],[119.869645,26.646357],[119.859766,26.674692],[119.829502,26.694426],[119.706752,26.690071],[119.659997,26.729713],[119.632932,26.706774],[119.615087,26.652786],[119.573182,26.626037],[119.600925,26.599289],[119.66554,26.621678],[119.735699,26.614089],[119.783807,26.586819],[119.831375,26.437451],[119.889409,26.359229],[119.94176,26.377962],[119.950373,26.35595],[119.899893,26.312009],[119.858558,26.310906],[119.840648,26.326441],[119.802352,26.310807],[119.798032,26.272147],[119.76655,26.288751],[119.671717,26.26628],[119.660036,26.205607],[119.599725,26.172367],[119.601574,26.156242],[119.61451,26.122903],[119.650203,26.093275],[119.664353,26.029228],[119.695724,26.035628],[119.719114,26.014609],[119.690812,25.907496],[119.633607,25.893053],[119.623761,25.875287],[119.621925,25.726484],[119.598525,25.717868],[119.598527,25.688194],[119.539297,25.687591],[119.468215,25.665266],[119.47378,25.634515],[119.53683,25.627676],[119.530035,25.588245],[119.582508,25.595348],[119.612087,25.5597],[119.607163,25.522972],[119.629945,25.478101],[119.670544,25.47803],[119.676078,25.500716],[119.711147,25.514706],[119.712375,25.55414],[119.679147,25.595776],[119.695754,25.619504],[119.781406,25.670762],[119.78573,25.617329],[119.838847,25.600685],[119.827111,25.582844],[119.879597,25.549435],[119.85676,25.534285],[119.81229,25.535286],[119.806733,25.509884],[119.858617,25.477554],[119.862323,25.458102],[119.800561,25.460698],[119.759827,25.436326],[119.769083,25.398487],[119.684078,25.443954],[119.670545,25.471004],[119.618253,25.437036],[119.665626,25.438583],[119.652097,25.399682],[119.660711,25.37479],[119.64472,25.345613],[119.593006,25.337549],[119.573267,25.448933],[119.55105,25.432145],[119.574505,25.403522],[119.544261,25.368867],[119.481834,25.372481],[119.502852,25.399042],[119.481213,25.421686],[119.486775,25.446029],[119.458344,25.451356],[119.433644,25.415085],[119.447839,25.496188],[119.396023,25.496132],[119.354166,25.524264],[119.338797,25.475119],[119.348639,25.41456],[119.283465,25.413594],[119.258233,25.430918],[119.27054,25.479555],[119.251456,25.491454],[119.215096,25.471444],[119.22743,25.44497],[119.186721,25.42708],[119.146603,25.429169],[119.139819,25.390768],[119.213871,25.370884],[119.236067,25.319512],[119.242844,25.336284],[119.294542,25.331373],[119.37572,25.252774],[119.327133,25.233361],[119.290243,25.239924],[119.309923,25.192785],[119.264409,25.16252],[119.226832,25.191766],[119.185504,25.178715],[119.126875,25.225723],[119.10345,25.196464],[119.132433,25.157497],[119.160819,25.148337],[119.141694,25.059433],[119.114558,25.015483],[119.102227,25.07782],[119.129352,25.108734],[119.070825,25.102217],[119.024113,25.142402],[119.027795,25.177058],[119.049298,25.171051],[119.069586,25.213802],[119.050523,25.221951],[118.985433,25.204801],[118.970697,25.240576],[118.99218,25.269201],[118.951655,25.275807],[118.911075,25.259631],[118.914768,25.250968],[118.895684,25.245562],[118.980523,25.197776],[118.980525,25.171781],[118.947363,25.154535],[118.970092,25.11818],[118.887686,25.095531],[118.940613,25.031529],[118.970098,25.027664],[119.01184,25.061152],[119.019208,25.046494],[118.984835,24.976643],[119.02781,24.964583],[119.009392,24.944019],[118.941232,24.957226],[118.914175,24.935559],[118.928326,24.909497],[118.982385,24.901229],[118.984228,24.881682],[118.928943,24.87367],[118.859956,24.890493],[118.829724,24.857325],[118.803186,24.873564],[118.744,24.845275],[118.69416,24.851837],[118.697847,24.86812],[118.643138,24.8465],[118.646215,24.811737],[118.781601,24.779575],[118.774203,24.746419],[118.699091,24.668154],[118.665895,24.682897],[118.648069,24.656826],[118.656679,24.625259],[118.682494,24.636634],[118.675736,24.584955],[118.609942,24.524628],[118.553856,24.515341],[118.552617,24.575773],[118.50814,24.611037],[118.439556,24.617384],[118.358837,24.570571],[118.37053,24.538982],[118.238243,24.515193],[118.145662,24.586381],[118.116657,24.572734],[118.0883,24.543326],[118.079062,24.531351],[118.043999,24.420809],[118.083382,24.411491],[118.076612,24.359154],[118.107421,24.359698],[118.153711,24.272471],[118.110513,24.232019],[118.069849,24.228203],[118.014517,24.199926],[117.995479,24.155195],[117.931571,24.102901],[117.922961,24.04278],[117.905723,24.014905],[117.860097,24.007769],[117.802688,23.950228],[117.787878,23.909161],[117.757656,23.889427],[117.68625,23.891673],[117.667192,23.88076],[117.646907,23.817828],[117.655517,23.792069],[117.597076,23.704469],[117.539723,23.718656],[117.49648,23.707029],[117.488451,23.645058],[117.449537,23.630697],[117.458802,23.587392],[117.382356,23.557693],[117.297524,23.552889],[117.286458,23.573753],[117.080661,23.53904],[117.040092,23.542391],[117.005719,23.50517],[116.959078,23.509695],[116.924058,23.532809],[116.884056,23.504286],[116.891448,23.479042],[116.869888,23.449934],[116.867424,23.418636],[116.778,23.316324],[116.794036,23.247648],[116.816859,23.243291],[116.802056,23.203679],[116.740428,23.217921],[116.696758,23.200917],[116.661117,23.160836],[116.562037,23.13724],[116.546614,23.112456],[116.56204,23.091573],[116.552789,23.059087],[116.572527,23.017276],[116.539831,22.999603],[116.500921,22.933402],[116.445325,22.939311],[116.378141,22.921639],[116.298195,22.954273],[116.23479,22.924019],[116.099666,22.81911],[116.051643,22.847267],[115.992658,22.829779],[115.960715,22.803401],[115.926896,22.805675],[115.878847,22.78859],[115.824538,22.737752],[115.791817,22.742109],[115.78379,22.812706],[115.755417,22.837494],[115.69139,22.845812],[115.649576,22.868492],[115.579402,22.831609],[115.565837,22.789685],[115.536828,22.758189],[115.604667,22.756049],[115.560908,22.687044],[115.570781,22.653929],[115.467008,22.700601],[115.37636,22.686707],[115.344376,22.714901],[115.333307,22.779476],[115.225641,22.779583],[115.2318,22.828119],[115.185549,22.821446],[115.186169,22.776222],[115.14976,22.804285],[115.071497,22.791],[115.04875,22.750211],[115.018654,22.728764],[115.034621,22.716581],[114.923463,22.624661],[114.917932,22.552289],[114.880985,22.541792],[114.861868,22.594821],[114.741596,22.584718],[114.739129,22.635538],[114.723738,22.654322],[114.74528,22.766906],[114.705273,22.790655],[114.684982,22.770278],[114.597028,22.733988],[114.587173,22.693146],[114.510631,22.658226],[114.575464,22.664431],[114.598881,22.641798],[114.554493,22.586528],[114.563751,22.563886],[114.60997,22.548426],[114.624127,22.516905],[114.606897,22.484852],[114.544623,22.468767],[114.501992,22.441551],[114.471704,22.461928],[114.467373,22.524952],[114.422292,22.591731],[114.376686,22.604432],[114.317012,22.590163],[114.289948,22.566451],[114.227734,22.542717],[114.227735,22.531662],[114.255472,22.550458],[114.304716,22.500095],[114.336082,22.506118],[114.248085,22.44817],[114.228356,22.469737],[114.20059,22.45256],[114.215403,22.430451],[114.273954,22.438751],[114.320709,22.481818],[114.371156,22.439147],[114.401336,22.436367],[114.380392,22.414243],[114.389634,22.364428],[114.352086,22.342876],[114.31764,22.38833],[114.278266,22.389501],[114.273345,22.331381],[114.31211,22.301418],[114.308422,22.267082],[114.280121,22.266572],[114.257336,22.297612],[114.243781,22.277674],[114.261038,22.203417],[114.198136,22.20948],[114.195664,22.23497],[114.159847,22.229363],[114.115394,22.27473],[114.140698,22.303566],[114.116008,22.32347],[114.064855,22.329568],[114.029796,22.303609],[114.024881,22.265955],[113.999689,22.242203],[114.021196,22.232166],[113.991704,22.208976],[113.976343,22.232853],[113.930844,22.208018],[113.894504,22.218574],[113.844526,22.194135],[113.838347,22.232367],[113.884636,22.274534],[113.893266,22.311648],[113.96466,22.324287],[113.950522,22.301617],[114.021188,22.350698],[113.975105,22.369103],[113.946829,22.358104],[113.915444,22.370882],[113.913593,22.421244],[113.972641,22.459855],[113.995987,22.494072],[114.02671,22.5067],[113.971408,22.513497],[113.888941,22.445591],[113.864881,22.462719],[113.851913,22.542871],[113.798183,22.596376],[113.728484,22.739332],[113.673103,22.728926],[113.711867,22.648267],[113.735272,22.5372],[113.686648,22.517909],[113.663279,22.483672],[113.626373,22.478757],[113.568466,22.4146],[113.6036,22.411843],[113.619606,22.446133],[113.660823,22.441642],[113.664514,22.419505],[113.622689,22.352052],[113.599909,22.342658],[113.612842,22.318287],[113.59067,22.30722],[113.589442,22.231877],[113.553669,22.215217],[113.59869,22.135415],[113.549354,22.110415],[113.562317,22.07826],[113.522796,22.076513],[113.454204,22.046353],[113.436918,22.011905],[113.324866,21.964209],[113.31442,21.912022],[113.261532,21.874317],[113.230122,21.890431],[113.146225,21.982501],[113.137586,22.014686],[113.08643,22.067927],[113.081503,22.128951],[113.040309,22.091288],[113.0268,22.048596],[113.048301,22.01469],[113.042161,21.959183],[112.984456,21.872132],[112.924877,21.841706],[112.888564,21.847279],[112.836151,21.923333],[112.787413,21.923802],[112.64221,21.761071],[112.5307,21.756586],[112.492396,21.788169],[112.440513,21.805824],[112.422006,21.792454],[112.410295,21.737396],[112.348128,21.709627],[112.233698,21.70476],[112.231232,21.729788],[112.191756,21.739198],[112.187433,21.792014],[112.131265,21.796363],[112.030907,21.764168],[111.951065,21.71323],[111.949223,21.670397],[111.992835,21.659707],[112.0217,21.636251],[111.967659,21.6058],[111.936933,21.609766],[111.805015,21.557907],[111.827233,21.581331],[111.789586,21.614105],[111.731654,21.612404],[111.688596,21.592973],[111.672619,21.532318],[111.645575,21.515105],[111.604981,21.532974],[111.555689,21.507887],[111.516801,21.520049],[111.489624,21.503818],[111.438998,21.516497],[111.377402,21.498088],[111.280926,21.421365],[111.252636,21.417487],[111.24525,21.453704],[111.271088,21.445892],[111.277848,21.488221],[111.029735,21.44135],[110.924787,21.378649],[110.791712,21.377404],[110.763984,21.367341],[110.62198,21.218614],[110.530181,21.206827],[110.496834,21.220122],[110.44452041477652,21.189092657789548],[110.417834,21.193162],[110.386428,21.127299],[110.292368,21.09618],[110.245607,21.047635],[110.237601,21.018588],[110.20431,21.05319],[110.200612,21.005705],[110.17655,20.984433],[110.17964,20.894449],[110.205554,20.862618],[110.264702,20.842505],[110.323113,20.850248],[110.388907,20.818833],[110.403073,20.734331],[110.387683,20.685061],[110.406771,20.673301],[110.461662,20.682908],[110.495634,20.574877],[110.546266,20.475207],[110.537013,20.42301],[110.420965,20.293593],[110.379704,20.295273],[110.344654,20.261051],[110.216069,20.253864],[110.164247,20.22175],[110.113661,20.221674],[110.077932,20.261006],[109.989446,20.256711],[109.924932,20.214153],[109.905237,20.239457],[109.912004,20.319225],[109.857151,20.379274],[109.860852,20.404537],[109.891676,20.430377],[109.884279,20.47806],[109.83555,20.492018],[109.807774,20.544114],[109.809624,20.57719],[109.78926,20.618064],[109.740567,20.623634],[109.725787,20.722211],[109.660604,20.864995],[109.65138,20.932104],[109.670424,21.139297],[109.759632,21.229052],[109.753464,21.349504],[109.766405,21.362332],[109.864504,21.368617],[109.900249,21.432726],[109.890392,21.444983],[109.699913,21.46545],[109.650737,21.496175]],[[121.48424069440773,36.786963062565796],[121.480246,36.7856],[121.48152838271879,36.78424388136645],[121.48424069440773,36.786963062565796]],[[121.543912,36.807324],[121.560579,36.830334],[121.48424069440773,36.786963062565796],[121.543912,36.807324]],[[112.275742,3.868687],[112.237565,3.846596],[112.204268,3.877036],[112.214753,3.909909],[112.256043,3.918887],[112.275742,3.868687]],[[112.237562,3.943381],[112.249883,3.980421],[112.283738,3.974422],[112.288045,3.947532],[112.237562,3.943381]],[[112.902872,4.994388],[112.906564,5.03968],[112.948382,5.04916],[112.939166,4.993159],[112.902872,4.994388]],[[112.651565,5.0569],[112.646646,5.108156],[112.674306,5.122406],[112.714888,5.077054],[112.678612,5.049698],[112.651565,5.0569]],[[112.597429,5.121317],[112.606665,5.092712],[112.564771,5.073031],[112.55305,5.110555],[112.597429,5.121317]],[[112.681059,5.372632],[112.636186,5.348884],[112.607886,5.369169],[112.619577,5.403118],[112.686591,5.407772],[112.681059,5.372632]],[[112.610345,5.46687],[112.602342,5.518702],[112.578934,5.562781],[112.612188,5.569927],[112.63864,5.490666],[112.610345,5.46687]],[[112.381477,5.616627],[112.345794,5.622629],[112.380861,5.644029],[112.381477,5.616627]],[[112.561669,5.631863],[112.540691,5.617528],[112.519078,5.657383],[112.524636,5.688374],[112.55735,5.678319],[112.561669,5.631863]],[[112.492514,5.737719],[112.467805,5.740625],[112.493748,5.776439],[112.492514,5.737719]],[[112.523397,5.795586],[112.557962,5.821869],[112.558581,5.760521],[112.527721,5.767603],[112.523397,5.795586]],[[112.549321,5.943943],[112.549937,5.979674],[112.571524,5.97256],[112.549321,5.943943]],[[113.212991,6.307517],[113.239491,6.327172],[113.225938,6.286702],[113.212991,6.307517]],[[113.595719,6.963449],[113.619121,6.943834],[113.575996,6.921862],[113.595719,6.963449]],[[113.824245,7.363568],[113.787818,7.374783],[113.824862,7.384939],[113.824245,7.363568]],[[113.76498,7.638285],[113.827322,7.646094],[113.810651,7.604521],[113.7693,7.603275],[113.76498,7.638285]],[[112.925544,7.829505],[112.887997,7.846132],[112.927388,7.869252],[112.925544,7.829505]],[[113.265289,8.121723],[113.278826,8.112817],[113.23142,8.070144],[113.217243,8.075469],[113.265289,8.121723]],[[113.306498,8.179171],[113.261595,8.127655],[113.28928,8.178013],[113.348917,8.239548],[113.349529,8.305914],[113.381523,8.291063],[113.381525,8.240101],[113.34523,8.173764],[113.284362,8.121111],[113.338465,8.195115],[113.306498,8.179171]],[[112.980818,8.431085],[112.940893,8.412233],[112.945194,8.43473],[112.980818,8.431085]],[[112.533172,8.848312],[112.594223,8.8614],[112.635452,8.820567],[112.566494,8.817628],[112.533172,8.848312]],[[112.276808,8.857055],[112.239863,8.876583],[112.284189,8.887789],[112.276808,8.857055]],[[112.818893,8.912733],[112.868854,8.910452],[112.85529,8.891517],[112.818893,8.912733]],[[112.341376,8.927886],[112.38013,8.948523],[112.388133,8.921329],[112.341376,8.927886]],[[113.726104,9.006044],[113.650428,8.964202],[113.633817,8.979005],[113.71502,9.022009],[113.726104,9.006044]],[[113.672561,9.204625],[113.655953,9.233007],[113.692859,9.227623],[113.672561,9.204625]],[[112.507824,9.546422],[112.562766,9.555992],[112.564618,9.518811],[112.504118,9.527523],[112.507824,9.546422]],[[113.613457,10.224116],[113.592515,10.242972],[113.633767,10.245296],[113.613457,10.224116]],[[112.457504,16.045513],[112.583445,16.072841],[112.607463,16.041198],[112.565573,16.012992],[112.471711,16.002971],[112.443925,16.006932],[112.457504,16.045513]],[[112.50444,16.319287],[112.532235,16.314195],[112.526678,16.287755],[112.471079,16.290466],[112.40629,16.265073],[112.378578,16.267377],[112.40444,16.296672],[112.50444,16.319287]],[[112.696599,16.33366],[112.667095,16.333713],[112.67324,16.361267],[112.696599,16.33366]],[[112.641891,16.387738],[112.655413,16.428474],[112.676926,16.402601],[112.641891,16.387738]],[[112.494546,16.4955],[112.570479,16.539275],[112.582191,16.527812],[112.502579,16.467981],[112.494546,16.4955]],[[112.344096,16.913659],[112.297367,16.964671],[112.329338,16.96404],[112.35578,16.926802],[112.344096,16.913659]],[[112.217936,16.962416],[112.20313,16.988714],[112.227799,16.997893],[112.261681,16.995605],[112.288142,16.969262],[112.217936,16.962416]],[[112.988281,19.527962],[113.023884,19.530678],[113.042926,19.50806],[113.033713,19.482119],[112.988284,19.473783],[112.975391,19.498091],[112.988281,19.527962]],[[112.661268,21.686507],[112.634223,21.675427],[112.660656,21.645335],[112.616392,21.609229],[112.566501,21.622582],[112.558485,21.594185],[112.52577,21.586323],[112.53009,21.631418],[112.565884,21.648737],[112.555397,21.669309],[112.587452,21.696044],[112.658808,21.717107],[112.661268,21.686507]],[[112.451017,21.65123],[112.430032,21.666214],[112.453484,21.692407],[112.451017,21.65123]],[[112.812108,21.592985],[112.770171,21.56676],[112.725827,21.616296],[112.775096,21.674179],[112.729515,21.669159],[112.700605,21.681986],[112.719052,21.72257],[112.835543,21.779397],[112.871314,21.775558],[112.8485,21.743276],[112.828142,21.739347],[112.799763,21.689234],[112.816423,21.658664],[112.793599,21.613548],[112.812108,21.592985]],[[113.198679,21.863727],[113.156722,21.856428],[113.137598,21.834165],[113.131428,21.871389],[113.162275,21.87922],[113.198679,21.863727]],[[113.020059,21.850354],[113.002256,21.872078],[113.040323,21.88531],[113.020059,21.850354]],[[113.737774,21.9532],[113.718068,21.924887],[113.713757,21.954327],[113.737774,21.9532]],[[113.769214,22.000961],[113.759964,21.964865],[113.736539,21.99429],[113.769214,22.000961]],[[113.570947,22.204155],[113.58143,22.204163],[113.570948,22.197504],[113.570947,22.204155]],[[113.781528,22.416664],[113.808692,22.422792],[113.814868,22.399011],[113.781528,22.416664]],[[114.850258,7.246077],[114.865678,7.200383],[114.815705,7.194359],[114.850258,7.246077]],[[114.945087,7.51023],[115.009574,7.527264],[115.008347,7.486314],[114.956764,7.486462],[114.945087,7.51023]],[[114.661732,7.591507],[114.699853,7.616364],[114.717695,7.593196],[114.667882,7.565382],[114.661732,7.591507]],[[114.507632,7.968189],[114.536669,7.94751],[114.551489,7.892969],[114.536672,7.86387],[114.460058,7.816192],[114.415619,7.76687],[114.403292,7.684385],[114.364494,7.639899],[114.054507,7.539017],[113.983198,7.537426],[113.915539,7.568429],[113.892739,7.608792],[113.917383,7.64083],[114.024983,7.671427],[114.207476,7.788381],[114.264193,7.872054],[114.41068,7.95433],[114.507632,7.968189]],[[113.900739,7.965371],[113.890875,8.006885],[113.935837,8.019902],[113.965359,7.976543],[113.966589,7.946291],[113.900739,7.965371]],[[114.879213,8.013408],[114.910627,8.009261],[114.903857,7.952921],[114.864417,7.985519],[114.879213,8.013408]],[[114.592182,8.122517],[114.526164,8.105225],[114.50392,8.121762],[114.59218,8.159865],[114.620504,8.151552],[114.592182,8.122517]],[[114.787908,8.162676],[114.814437,8.143158],[114.808268,8.112318],[114.773109,8.115824],[114.787908,8.162676]],[[114.666014,8.211939],[114.722595,8.212444],[114.73737,8.191098],[114.687534,8.187006],[114.666014,8.211939]],[[115.295302,8.372376],[115.311288,8.358131],[115.281158,8.316709],[115.177018,8.347461],[115.163442,8.388308],[115.198609,8.397255],[115.295302,8.372376]],[[115.254073,8.51158],[115.292222,8.512728],[115.267001,8.47901],[115.254073,8.51158]],[[114.190156,8.766556],[114.217929,8.786702],[114.244446,8.72639],[114.196948,8.729896],[114.190156,8.766556]],[[113.9518,8.842423],[113.973317,8.84355],[114.007732,8.800281],[113.97086,8.795069],[113.9518,8.842423]],[[114.03662,8.845734],[114.05569,8.817905],[114.031088,8.785433],[114.008959,8.838714],[113.972701,8.874887],[113.985607,8.880762],[114.03662,8.845734]],[[113.93519,8.877338],[113.912413,8.840116],[113.88961,8.864953],[113.908098,8.890965],[113.93519,8.877338]],[[114.678286,8.883175],[114.642009,8.846585],[114.595236,8.848402],[114.613092,8.883277],[114.661684,8.902124],[114.678286,8.883175]],[[114.162345,9.386316],[114.190132,9.393453],[114.191368,9.352717],[114.170992,9.343823],[114.162345,9.386316]],[[114.710846,9.738784],[114.701005,9.702219],[114.677024,9.70934],[114.689319,9.742946],[114.710846,9.738784]],[[114.681932,9.981221],[114.668408,9.929952],[114.638278,9.919391],[114.613666,9.96777],[114.681932,9.981221]],[[113.852543,10.123932],[113.867972,10.125132],[113.861189,10.005479],[113.841434,10.020774],[113.852543,10.123932]],[[115.278624,10.193883],[115.284775,10.213315],[115.329043,10.202047],[115.284161,10.174436],[115.278624,10.193883]],[[114.321946,10.286279],[114.259176,10.241607],[114.238224,10.243966],[114.261022,10.277532],[114.308413,10.302791],[114.321946,10.286279]],[[114.721898,10.321122],[114.698522,10.314674],[114.685607,10.347666],[114.713282,10.382355],[114.743444,10.374095],[114.721898,10.321122]],[[114.488987,10.719333],[114.535326,10.795268],[114.558785,10.780039],[114.509381,10.724096],[114.488987,10.719333]],[[114.550757,10.902797],[114.583448,10.911057],[114.589613,10.8582],[114.561251,10.838205],[114.509376,10.85042],[114.471063,10.816235],[114.464884,10.837954],[114.550757,10.902797]],[[114.906824,10.865249],[114.930204,10.904578],[114.956019,10.903942],[114.927131,10.843498],[114.906824,10.865249]],[[114.070377,10.930666],[114.091937,10.949445],[114.105501,10.920087],[114.059913,10.906014],[114.070377,10.930666]],[[114.795812,11.106411],[114.789028,11.078229],[114.70649,11.003675],[114.692959,11.006044],[114.706488,11.041245],[114.762513,11.111654],[114.795812,11.106411]],[[114.981193,11.080002],[115.017417,11.087523],[115.009436,11.064657],[114.981193,11.080002]],[[114.684946,11.470703],[114.716313,11.493523],[114.733547,11.465366],[114.718162,11.430782],[114.684946,11.470703]],[[114.61607,11.433875],[114.617297,11.520063],[114.657892,11.524106],[114.648672,11.438521],[114.61607,11.433875]],[[115.434154,13.945125],[115.392855,13.926497],[115.357162,13.950359],[115.373155,13.970098],[115.418733,13.978812],[115.434154,13.945125]],[[113.889327,15.465669],[113.85601,15.478903],[113.885627,15.492775],[113.889327,15.465669]],[[114.4622,15.578415],[114.452933,15.600877],[114.487534,15.595205],[114.4622,15.578415]],[[114.577077,15.627115],[114.606034,15.651327],[114.606651,15.617319],[114.577077,15.627115]],[[113.968712,15.80737],[113.934274,15.837397],[113.966253,15.841358],[113.968712,15.80737]],[[114.10095,16.005732],[114.127477,16.009207],[114.105885,15.979838],[114.10095,16.005732]],[[114.92198,16.038885],[114.906596,16.003798],[114.891199,16.038322],[114.92198,16.038885]],[[114.208357,16.042715],[114.264459,16.061144],[114.302004,16.05937],[114.307541,16.036348],[114.208357,16.042715]],[[114.443649,16.035698],[114.46094,16.069105],[114.517176,16.058337],[114.480715,16.036368],[114.443649,16.035698]],[[114.698876,16.172182],[114.700105,16.200923],[114.798667,16.217029],[114.812242,16.200384],[114.698876,16.172182]],[[113.802093,19.224747],[113.871244,19.23899],[113.91563,19.225434],[113.910089,19.174004],[113.869397,19.153075],[113.827414,19.160357],[113.794684,19.200997],[113.802093,19.224747]],[[114.166655,22.003073],[114.148747,21.977501],[114.119115,21.988008],[114.166655,22.003073]],[[114.175918,22.012527],[114.224684,21.998163],[114.185183,21.989227],[114.175918,22.012527]],[[114.226534,22.019259],[114.235166,22.038134],[114.297978,22.053072],[114.30659,22.044178],[114.226534,22.019259]],[[114.118482,22.241491],[114.161701,22.207752],[114.149968,22.180568],[114.1154,22.18052],[114.118482,22.241491]],[[114.318875,22.300297],[114.318875,22.300851],[114.31949,22.300296],[114.318875,22.300297]],[[114.36747,22.32569],[114.36747,22.326244],[114.368086,22.326244],[114.36747,22.32569]],[[114.300419,22.375631],[114.328097,22.356205],[114.309032,22.343508],[114.300419,22.375631]],[[115.554817,8.525351],[115.565307,8.492213],[115.5505,8.463176],[115.51777,8.462504],[115.505412,8.492666],[115.510355,8.521098],[115.554817,8.525351]],[[116.269371,8.881324],[116.301977,8.919115],[116.328418,8.903105],[116.290293,8.860016],[116.269371,8.881324]],[[116.745461,9.058643],[116.736844,9.030282],[116.704855,9.026174],[116.695632,9.051006],[116.745461,9.058643]],[[116.473199,9.138921],[116.453436,9.176085],[116.496671,9.166163],[116.473199,9.138921]],[[115.939257,9.271437],[115.922643,9.313387],[115.97368,9.323911],[115.995184,9.295503],[115.972453,9.270178],[115.939257,9.271437]],[[115.452249,9.418777],[115.465838,9.360952],[115.446079,9.346735],[115.431883,9.395123],[115.452249,9.418777]],[[116.148464,9.581091],[116.183648,9.597091],[116.185502,9.566996],[116.148464,9.581091]],[[115.867161,9.780816],[115.897373,9.797943],[115.922009,9.783773],[115.897378,9.672872],[115.863465,9.652196],[115.857292,9.69644],[115.833837,9.71174],[115.867161,9.780816]],[[116.562712,9.720643],[116.553458,9.747177],[116.58983,9.725975],[116.562712,9.720643]],[[116.46576,9.811828],[116.486761,9.823095],[116.504678,9.793067],[116.475643,9.787081],[116.46576,9.811828]],[[115.581286,9.898201],[115.544272,9.871023],[115.496089,9.899789],[115.514006,9.935811],[115.577586,9.919427],[115.581286,9.898201]],[[117.343739,10.092437],[117.369564,10.10831],[117.381255,10.065278],[117.349887,10.064727],[117.343739,10.092437]],[[116.041236,10.097153],[116.066454,10.130697],[116.091701,10.095324],[116.06338,10.067645],[116.041236,10.097153]],[[117.25396,10.322297],[117.270572,10.359966],[117.295787,10.345216],[117.295173,10.31578],[117.25396,10.322297]],[[116.45771,10.351035],[116.484885,10.397612],[116.522565,10.428916],[116.538619,10.421895],[116.510833,10.351187],[116.634112,10.367193],[116.640876,10.337159],[116.562688,10.306562],[116.507746,10.299956],[116.46327,10.311014],[116.45771,10.351035]],[[115.754209,10.462966],[115.798002,10.465366],[115.77209,10.436499],[115.754209,10.462966]],[[116.851449,10.470762],[116.828628,10.478959],[116.865013,10.497846],[116.851449,10.470762]],[[116.634721,10.506071],[116.695573,10.519493],[116.704796,10.494772],[116.649476,10.493104],[116.634721,10.506071]],[[115.791212,10.501833],[115.778254,10.542992],[115.801086,10.526555],[115.791212,10.501833]],[[117.365231,10.743883],[117.413867,10.704491],[117.400314,10.672745],[117.26256,10.693497],[117.289006,10.736961],[117.365231,10.743883]],[[117.183069,10.743393],[117.209587,10.73697],[117.202806,10.709338],[117.183069,10.743393]],[[117.797858,10.841627],[117.827487,10.840505],[117.83181,10.805854],[117.794775,10.755255],[117.766398,10.7752],[117.771331,10.811044],[117.797858,10.841627]],[[117.686962,11.050678],[117.686349,11.018393],[117.651915,11.026676],[117.649454,11.047813],[117.686962,11.050678]],[[117.30006,11.028848],[117.280385,11.027116],[117.260082,11.064701],[117.29514,11.079336],[117.30006,11.028848]],[[116.73428,11.51638],[116.768154,11.447201],[116.761376,11.431951],[116.723204,11.502903],[116.73428,11.51638]],[[117.720606,15.133041],[117.823584,15.113485],[117.722454,15.107047],[117.708299,15.120348],[117.710755,15.224291],[117.744,15.231774],[117.778525,15.189068],[117.834694,15.160866],[117.780377,15.170591],[117.740305,15.21965],[117.716294,15.197147],[117.720606,15.133041]],[[116.734671,16.305469],[116.703915,16.301477],[116.691003,16.347448],[116.71375,16.375553],[116.743286,16.362327],[116.734671,16.305469]],[[116.90086,20.622099],[116.85835,20.59125],[116.791733,20.584969],[116.7449,20.603424],[116.84478,20.631011],[116.885462,20.685952],[116.868205,20.740805],[116.756592,20.752955],[116.765216,20.774227],[116.88176,20.778316],[116.921157,20.729615],[116.929768,20.679211],[116.90086,20.622099]],[[115.996459,20.950944],[115.994618,20.925238],[115.965746,20.921968],[115.935007,20.948307],[115.922083,20.98409],[115.949762,21.002482],[115.996459,20.950944]],[[116.062829,21.042969],[116.035773,21.022912],[115.984784,21.03814],[115.949143,21.066719],[115.938688,21.100242],[115.960818,21.126432],[116.01979,21.126818],[116.039455,21.112813],[116.062829,21.042969]],[[115.830095,22.726175],[115.830712,22.725625],[115.830095,22.725072],[115.830095,22.725623],[115.830095,22.726175]],[[119.431334,23.188598],[119.416527,23.219372],[119.448618,23.218871],[119.431334,23.188598]],[[117.137963,23.402945],[117.119468,23.391937],[117.076978,23.411698],[117.045629,23.402956],[117.022296,23.417839],[116.947417,23.422442],[116.940044,23.442772],[116.978109,23.463539],[117.019839,23.440358],[117.053611,23.475961],[117.088666,23.461654],[117.124392,23.485826],[117.137959,23.462242],[117.137963,23.402945]],[[119.501743,23.579819],[119.50174,23.628083],[119.520902,23.62759],[119.514726,23.562302],[119.467747,23.559422],[119.501743,23.579819]],[[118.22592,24.404035],[118.229001,24.448729],[118.269047,24.443818],[118.22592,24.404035]],[[118.472305,24.44049],[118.453155,24.414825],[118.400712,24.430564],[118.348392,24.418074],[118.325026,24.384863],[118.277666,24.416015],[118.307192,24.427415],[118.293657,24.480293],[118.313951,24.489518],[118.36992,24.46164],[118.407485,24.517188],[118.446972,24.509615],[118.472305,24.44049]],[[118.138266,24.42352],[118.079069,24.4382],[118.063678,24.466006],[118.0874144022951,24.540544974309835],[118.140107,24.563511],[118.187035,24.539641],[118.199384,24.507533],[118.188893,24.466117],[118.138266,24.42352]],[[119.496683,25.21993],[119.536242,25.20488],[119.562177,25.213051],[119.544893,25.164823],[119.520796,25.160432],[119.502868,25.185836],[119.439215,25.204621],[119.438595,25.241435],[119.468862,25.262615],[119.496683,25.21993]],[[118.863578,39.142059],[118.85186,39.097962],[118.814204,39.107641],[118.863578,39.142059]],[[121.572232,22.087093],[121.571618,22.039927],[121.601202,22.025507],[121.590731,21.998307],[121.530263,22.024865],[121.503693,22.05143],[121.506781,22.089724],[121.572232,22.087093]],[[120.351016,22.330104],[120.379325,22.358304],[120.391645,22.345011],[120.351016,22.330104]],[[121.511069,22.679155],[121.509836,22.634425],[121.470904,22.64646],[121.464106,22.679571],[121.511069,22.679155]],[[119.490631,23.352528],[119.493101,23.389336],[119.512268,23.352593],[119.490631,23.352528]],[[119.68667,23.549685],[119.641767,23.553608],[119.604837,23.50646],[119.574635,23.505358],[119.557972,23.533324],[119.562289,23.587642],[119.59744,23.578339],[119.606063,23.606857],[119.673748,23.602918],[119.68667,23.549685]],[[120.077241,23.29412],[120.103741,23.343566],[120.117302,23.507198],[120.090776,23.590032],[120.098167,23.70353],[120.171003,23.809919],[120.241981,23.842866],[120.274011,23.930438],[120.387833,24.120571],[120.447661,24.185087],[120.466809,24.245195],[120.542821,24.373072],[120.638943,24.492989],[120.685046,24.603424],[120.758279,24.661031],[120.81996,24.691023],[120.888426,24.770478],[120.911204,24.867699],[121.005806,24.996632],[121.020536,25.043221],[121.128823,25.081076],[121.205328,25.129975],[121.315517,25.14347],[121.36777,25.16234],[121.409015,25.241381],[121.440468,25.273353],[121.531287,25.310394],[121.581275,25.312099],[121.619462,25.297479],[121.65145,25.244935],[121.696336,25.229694],[121.703719,25.194489],[121.74127,25.16467],[121.778258,25.163063],[121.838138,25.138245],[121.913376,25.141014],[121.94353,25.03475],[121.977327,25.033582],[122.00865,25.004206],[121.92939,24.941485],[121.841245,24.839399],[121.837547,24.737255],[121.888766,24.620946],[121.88199,24.532767],[121.864106,24.482099],[121.82275,24.426451],[121.805468,24.341909],[121.685337,24.177076],[121.674272,24.136673],[121.639842,24.100669],[121.636153,24.067332],[121.655835,24.009885],[121.617706,23.9235],[121.475803,23.324999],[121.436284,23.274351],[121.411003,23.198458],[121.426422,23.139623],[121.405463,23.104946],[121.366681,23.086806],[121.350696,23.012518],[121.32058,22.948137],[121.233839,22.839103],[121.206717,22.773451],[121.166615,22.725933],[121.029289,22.653621],[121.010874,22.586839],[120.977728,22.531122],[120.911365,22.305505],[120.903994,22.036057],[120.862706,21.987184],[120.869495,21.899998],[120.850991,21.886083],[120.778179,21.926513],[120.739354,21.918164],[120.698126,21.929868],[120.664308,21.986017],[120.647704,22.036006],[120.658155,22.069838],[120.655691,22.156927],[120.637238,22.244538],[120.566401,22.364737],[120.513904,22.411665],[120.29318,22.534349],[120.270405,22.563117],[120.196395,22.723787],[120.145122,22.89906],[120.129061,23.003148],[120.025576,23.051121],[120.014512,23.075919],[120.077241,23.29412]],[[119.553024,23.669334],[119.582023,23.678687],[119.610986,23.663882],[119.604214,23.622762],[119.553024,23.669334]],[[119.607153,25.672541],[119.575722,25.630437],[119.576337,25.653109],[119.607153,25.672541]],[[119.714215,25.637833],[119.669303,25.635747],[119.657616,25.649804],[119.712367,25.667521],[119.714215,25.637833]],[[119.6052494834554,26.153884548215245],[119.622508,26.17665],[119.660654,26.158852],[119.638512,26.13255],[119.6052494834554,26.153884548215245]],[[119.925163,26.137408],[119.915308,26.175583],[119.955922,26.150253],[119.925163,26.137408]],[[120.011837,26.22049],[119.972515,26.194281],[119.966367,26.22116],[119.994632,26.238805],[120.011837,26.22049]],[[120.062238,26.501484],[120.02964,26.491907],[120.031482,26.519222],[120.067162,26.52451],[120.062238,26.501484]],[[120.16278,26.57491],[120.131284,26.553976],[120.113384,26.572159],[120.149188,26.608068],[120.16278,26.57491]],[[119.814064,26.620049],[119.77208,26.603397],[119.75604,26.616765],[119.79183,26.633922],[119.814064,26.620049]],[[119.647085,26.660765],[119.669226,26.684254],[119.707984,26.671889],[119.744321,26.684697],[119.754186,26.662772],[119.715989,26.639251],[119.663694,26.631847],[119.647085,26.660765]],[[119.902332,26.693436],[119.946658,26.696056],[119.922662,26.668288],[119.902332,26.693436]],[[120.135588,26.798375],[120.157204,26.806424],[120.159058,26.80162],[120.135588,26.798375]],[[120.356241,26.920082],[120.315028,26.947894],[120.323637,26.967077],[120.358698,26.970749],[120.390099,26.93712],[120.356241,26.920082]],[[121.062138,27.4815],[121.062752,27.481499],[121.102763,27.446965],[121.062139,27.464509],[121.062138,27.4815]],[[121.199599,27.629125],[121.194664,27.620102],[121.19343,27.621161],[121.199599,27.629125]],[[121.065173,27.987421],[121.116279,27.989528],[121.148355,27.964726],[121.094101,27.940349],[121.033836,27.952061],[121.065173,27.987421]],[[121.193402,28.003924],[121.233483,27.991283],[121.18168,27.966374],[121.166867,27.981677],[121.193402,28.003924]],[[121.039976,27.982181],[121.069477,28.010671],[121.085476,28.001675],[121.039976,27.982181]],[[121.865681,28.427068],[121.886033,28.454443],[121.906985,28.443397],[121.865681,28.427068]],[[121.885415,28.474955],[121.878013,28.505974],[121.914987,28.500719],[121.885415,28.474955]],[[121.858866,28.78522],[121.833557,28.773646],[121.857629,28.817188],[121.858866,28.78522]],[[121.839089,29.085073],[121.828595,29.053171],[121.786611,29.084981],[121.816241,29.102274],[121.839089,29.085073]],[[121.94983965116803,29.190872735873235],[121.972728,29.194705],[121.97499843806813,29.165289946736838],[121.94983965116803,29.190872735873235]],[[121.929026,29.997478],[121.870499,29.967419],[121.840872,29.985519],[121.844566,30.103643],[121.881592,30.097477],[121.920407,30.055004],[121.929026,29.997478]],[[121.936397,30.117123],[121.958527,30.108792],[121.941936,30.066885],[121.906243,30.091785],[121.936397,30.117123]],[[121.93761,30.335842],[121.98492,30.342438],[121.996588,30.310895],[121.953597,30.290349],[121.917309,30.310043],[121.93761,30.335842]],[[121.904923,31.197347],[121.878416,31.24287],[121.919697,31.236217],[121.904923,31.197347]],[[122.011859,31.284061],[121.836442,31.297522],[121.799391,31.330675],[121.788276,31.379705],[121.841376,31.376734],[121.947365,31.339443],[122.112136,31.322778],[122.118305,31.308984],[122.093034,31.257336],[122.011859,31.284061]],[[121.581431,31.456958],[121.737713,31.409296],[121.788277,31.365402],[121.780877,31.313273],[121.50548,31.484366],[121.516605,31.496134],[121.562926,31.485519],[121.581431,31.456958]],[[121.627613,31.45898],[121.622692,31.447245],[121.575264,31.481961],[121.627613,31.45898]],[[120.153946,35.76507],[120.16692,35.785479],[120.18793,35.756879],[120.164453,35.740329],[120.153946,35.76507]],[[120.973558,36.428496],[120.985219,36.413058],[120.945933,36.414606],[120.973558,36.428496]],[[121.484489,37.577622],[121.484489,37.576674],[121.484489,37.576199],[121.483871,37.577146],[121.484489,37.577622]],[[121.483871,37.57762],[121.482634,37.576668],[121.480779,37.577611],[121.482634,37.577616],[121.483871,37.57762]],[[120.716517,37.916524],[120.724512,37.946259],[120.759618,37.923122],[120.759621,37.894314],[120.716517,37.916524]],[[120.626756,37.980394],[120.621839,37.945006],[120.597213,37.978058],[120.626756,37.980394]],[[120.727587,37.960889],[120.687609,37.983118],[120.719584,37.986848],[120.727587,37.960889]],[[120.745422,38.149414],[120.73741,38.198351],[120.782409,38.15791],[120.745422,38.149414]],[[120.797206,38.283482],[120.811399,38.317323],[120.843502,38.305173],[120.797206,38.283482]],[[120.913766,38.344657],[120.890368,38.362496],[120.910071,38.372816],[120.913766,38.344657]],[[120.824732,40.51477],[120.827822,40.49067],[120.781527,40.472393],[120.76919,40.47875],[120.800035,40.524274],[120.824732,40.51477]],[[122.106426,25.468548],[122.093481,25.50259],[122.11814,25.498279],[122.106426,25.468548]],[[122.083002,25.613316],[122.06269,25.627372],[122.088542,25.641925],[122.083002,25.613316]],[[123.50805,25.758138],[123.504345,25.725763],[123.465426,25.715401],[123.440732,25.728831],[123.441348,25.752565],[123.474687,25.771522],[123.50805,25.758138]],[[124.538707,25.906977],[124.562773,25.944723],[124.580655,25.911887],[124.538707,25.906977]],[[123.702653,25.918211],[123.662695,25.917205],[123.685436,25.943015],[123.702653,25.918211]],[[122.071653,29.178798],[122.052585,29.161071],[122.008961,29.154391],[122.032298,29.210192],[122.071653,29.178798]],[[122.22521,29.714446],[122.227061,29.712887],[122.265872,29.687938],[122.206707,29.702992],[122.22521,29.714446]],[[122.069765,29.703889],[122.043318,29.722121],[122.079607,29.785448],[122.127069,29.791178],[122.142501,29.751725],[122.207325,29.694677],[122.178318,29.653041],[122.133867,29.6644],[122.091314,29.718947],[122.069765,29.703889]],[[122.007072,29.748716],[122.034097,29.761629],[122.0255,29.719047],[122.007072,29.748716]],[[122.20917,29.774176],[122.237534,29.787184],[122.254169,29.756019],[122.29724,29.750778],[122.283712,29.726379],[122.247396,29.73368],[122.20917,29.774176]],[[122.31506,29.831761],[122.295389,29.821931],[122.321211,29.783978],[122.305845,29.768945],[122.217184,29.834939],[122.260934,29.847926],[122.31506,29.831761]],[[122.297229,29.886287],[122.339028,29.885171],[122.33903,29.862858],[122.304609,29.852023],[122.278781,29.862961],[122.297229,29.886287]],[[122.429522,29.885649],[122.397471,29.872136],[122.411645,29.831136],[122.382082,29.836329],[122.367926,29.895503],[122.334722,29.914232],[122.32673,29.94018],[122.347628,29.961401],[122.39377,29.941649],[122.407321,29.954096],[122.428902,29.921444],[122.429522,29.885649]],[[122.468413,29.929825],[122.469031,29.927752],[122.466559,29.928264],[122.467177,29.929822],[122.468413,29.929825]],[[122.448649,29.939112],[122.456058,29.9495],[122.462854,29.930848],[122.451737,29.928747],[122.448649,29.939112]],[[122.054365,29.958281],[122.039613,29.932902],[122.024866,29.957311],[122.054365,29.958281]],[[122.235671,29.962576],[122.269545,29.934565],[122.196195,29.971868],[122.235671,29.962576]],[[122.441241,29.954655],[122.449882,29.95882],[122.454822,29.953127],[122.443709,29.949992],[122.441241,29.954655]],[[122.180145,29.957842],[122.148039,29.973336],[122.15915,29.990463],[122.188788,29.967708],[122.180145,29.957842]],[[122.386995,29.972763],[122.363612,29.982633],[122.374066,30.026155],[122.407315,30.028218],[122.386995,29.972763]],[[122.15915,29.990463],[122.114099,29.988842],[122.102382,30.008012],[122.023635,29.993604],[121.973888,30.061628],[121.985555,30.07972],[121.979412,30.10304],[121.930859,30.164229],[121.951147,30.186437],[122.044513,30.149444],[122.091278,30.160257],[122.148645,30.115802],[122.289833,30.102953],[122.297213,30.088961],[122.28676,30.077066],[122.305823,30.042331],[122.339631,30.022578],[122.337176,29.979048],[122.318125,29.94279],[122.275083,29.939746],[122.23567,29.965168],[122.15915,29.990463]],[[122.757873,30.144912],[122.773893,30.13923],[122.780057,30.132509],[122.756027,30.144394],[122.757873,30.144912]],[[122.139381,30.165472],[122.148639,30.193423],[122.174569,30.201746],[122.209753,30.188872],[122.164078,30.140676],[122.139381,30.165472]],[[122.021164,30.163992],[122.013178,30.188846],[122.051271,30.202719],[122.061112,30.182011],[122.021164,30.163992]],[[122.24982,30.239575],[122.260286,30.272137],[122.295968,30.273647],[122.311338,30.252429],[122.273827,30.245248],[122.24982,30.239575]],[[122.27606041140818,30.24505785458306],[122.313182,30.251908],[122.329162,30.275137],[122.402981,30.275055],[122.412843,30.240945],[122.361131,30.257509],[122.354368,30.238391],[122.27606041140818,30.24505785458306]],[[122.149868,30.247205],[122.053723,30.294214],[122.158506,30.331962],[122.172087,30.354193],[122.186907,30.332015],[122.223928,30.332064],[122.243038,30.303662],[122.227635,30.236984],[122.149868,30.247205]],[[122.348204,30.424335],[122.314399,30.409433],[122.277505,30.420844],[122.273809,30.473977],[122.428242,30.447523],[122.425778,30.410889],[122.348204,30.424335]],[[122.54249,30.654413],[122.555447,30.682223],[122.566552,30.646735],[122.54249,30.654413]],[[122.776929,30.696489],[122.7529,30.716016],[122.774461,30.731971],[122.795424,30.718629],[122.776929,30.696489]],[[122.803441,30.716586],[122.826882,30.731026],[122.831819,30.701208],[122.803441,30.716586]],[[122.528901,30.699141],[122.422671,30.699905],[122.423283,30.740531],[122.441175,30.747241],[122.47082,30.716461],[122.523958,30.727413],[122.528901,30.699141]],[[121.991606,31.162886],[121.95537,31.161451],[121.939384,31.217774],[121.94676,31.23106],[122.004496,31.223227],[121.991606,31.162886]],[[122.699803,39.043439],[122.734233,39.035508],[122.752701,39.008556],[122.728083,39.013208],[122.699803,39.043439]],[[123.200103,39.055897],[123.155073,39.024231],[123.138416,39.037675],[123.14026,39.090617],[123.195167,39.076787],[123.200103,39.055897]],[[122.36087,39.17366],[122.339974,39.143549],[122.313547,39.16957],[122.338124,39.201975],[122.387935,39.212109],[122.37809,39.189404],[122.393482,39.16065],[122.36087,39.17366]],[[122.686881,39.231804],[122.685039,39.23366],[122.623611,39.230988],[122.630986,39.240707],[122.735439,39.247498],[122.746519,39.228503],[122.691798,39.205383],[122.686881,39.231804]],[[122.497183,39.222955],[122.498418,39.2401],[122.542908,39.228173],[122.497183,39.222955]],[[122.588536,39.277323],[122.635896,39.287008],[122.67398,39.267493],[122.572517,39.268978],[122.503975,39.289204],[122.534253,39.307339],[122.588536,39.277323]],[[123.081081,39.425422],[123.048509,39.456416],[123.084768,39.449445],[123.081081,39.425422]],[[122.939936,39.519035],[122.95589,39.549915],[123.017208,39.545123],[123.030702,39.531707],[122.990237,39.493977],[122.939936,39.519035]],[[123.751154,39.752949],[123.711141,39.743768],[123.714214,39.761705],[123.751154,39.752949]]]}}